Phylum,Assembly
Basidiomycota,GCA_022606235.1
Basidiomycota,GCA_003144295.1
Basidiomycota,GCF_003144295.1
Basidiomycota,GCA_029945375.1
Basidiomycota,GCA_000300575.1
Basidiomycota,GCF_000300575.1
Basidiomycota,GCA_029719445.1
Basidiomycota,GCA_030246685.1
Basidiomycota,GCA_022315185.1
Basidiomycota,GCA_943193715.1
Basidiomycota,GCA_001682475.1
Basidiomycota,GCA_000300575.2
Basidiomycota,GCA_014872705.1
Basidiomycota,GCA_008271545.1
Basidiomycota,GCA_943193725.1
Basidiomycota,GCA_006491665.1
Basidiomycota,GCA_000300555.1
Basidiomycota,GCF_000300555.1
Basidiomycota,GCA_013053245.1
Basidiomycota,GCA_027627235.1
Basidiomycota,GCA_013376435.1
Basidiomycota,GCA_015484485.1
Basidiomycota,GCA_003316655.1
Basidiomycota,GCA_003314395.1
Basidiomycota,GCA_003314695.1
Basidiomycota,GCA_000827485.1
Basidiomycota,GCA_001983365.1
Basidiomycota,GCA_002554575.1
Basidiomycota,GCA_015039365.1
Basidiomycota,GCA_032173475.1
Basidiomycota,GCA_003316615.1
Basidiomycota,GCA_001691775.3
Basidiomycota,GCA_001691785.3
Basidiomycota,GCA_023014435.1
Basidiomycota,GCA_023014455.1
Basidiomycota,GCA_023014405.1
Basidiomycota,GCA_023014395.1
Basidiomycota,GCA_020011035.1
Basidiomycota,GCA_023014475.1
Basidiomycota,GCA_001691755.2
Basidiomycota,GCA_000497225.1
Basidiomycota,GCA_001691765.1
Basidiomycota,GCA_001983385.1
Basidiomycota,GCA_022376435.1
Basidiomycota,GCA_022385825.1
Basidiomycota,GCA_012932865.1
Basidiomycota,GCA_022598655.1
Basidiomycota,GCA_022598685.1
Basidiomycota,GCA_022598625.1
Basidiomycota,GCA_022598595.1
Basidiomycota,GCA_003413585.1
Basidiomycota,GCA_004802725.1
Basidiomycota,GCA_902506015.1
Basidiomycota,GCA_012064365.1
Basidiomycota,GCA_030435635.1
Basidiomycota,GCA_030407055.1
Basidiomycota,GCA_022818035.1
Basidiomycota,GCA_030407015.1
Basidiomycota,GCA_030407065.1
Basidiomycota,GCA_030435615.1
Basidiomycota,GCA_030435655.1
Basidiomycota,GCA_900157415.1
Basidiomycota,GCA_022818075.1
Basidiomycota,GCA_028551335.1
Basidiomycota,GCA_001679825.1
Basidiomycota,GCA_002307695.1
Basidiomycota,GCA_026212265.1
Basidiomycota,GCA_900157425.1
Basidiomycota,GCA_013427175.2
Basidiomycota,GCA_002307675.1
Basidiomycota,GCA_037042885.1
Basidiomycota,GCA_037042915.1
Basidiomycota,GCA_002092955.1
Basidiomycota,GCA_030578095.1
Basidiomycota,GCA_002287115.1
Basidiomycota,GCA_003316125.1
Basidiomycota,GCA_008368385.1
Basidiomycota,GCA_000265015.1
Basidiomycota,GCF_000265015.1
Basidiomycota,GCA_007026445.1
Basidiomycota,GCA_019915015.1
Basidiomycota,GCA_019914985.1
Basidiomycota,GCA_019915035.1
Basidiomycota,GCA_022160275.1
Basidiomycota,GCA_000826855.1
Basidiomycota,GCA_027924225.1
Basidiomycota,GCA_015179015.1
Basidiomycota,GCA_018397855.1
Basidiomycota,GCA_025782845.1
Basidiomycota,GCA_019096195.1
Basidiomycota,GCA_003316055.1
Basidiomycota,GCA_003313885.1
Basidiomycota,GCA_003316205.1
Basidiomycota,GCA_003316035.1
Basidiomycota,GCA_003313155.1
Basidiomycota,GCA_014925795.1
Basidiomycota,GCA_022837065.1
Basidiomycota,GCA_003316165.1
Basidiomycota,GCA_025371055.2
Basidiomycota,GCA_000697705.1
Basidiomycota,GCA_001630345.1
Basidiomycota,GCA_001632435.1
Basidiomycota,GCA_015039405.1
Basidiomycota,GCF_015039405.1
Basidiomycota,GCA_025174535.1
Basidiomycota,GCA_003314235.1
Basidiomycota,GCA_003521295.1
Basidiomycota,GCA_003314335.1
Basidiomycota,GCA_003314295.1
Basidiomycota,GCA_003144195.1
Basidiomycota,GCF_003144195.1
Basidiomycota,GCA_900000165.1
Basidiomycota,GCA_016906575.1
Basidiomycota,GCA_009078325.1
Basidiomycota,GCA_037039685.1
Basidiomycota,GCA_015039395.1
Basidiomycota,GCA_019616945.1
Basidiomycota,GCA_037042815.1
Basidiomycota,GCA_019623705.1
Basidiomycota,GCA_019616345.1
Basidiomycota,GCA_025200755.1
Basidiomycota,GCA_019616325.1
Basidiomycota,GCA_019677335.1
Basidiomycota,GCA_019677385.1
Basidiomycota,GCA_019677355.1
Basidiomycota,GCA_019616915.1
Basidiomycota,GCA_016906555.1
Basidiomycota,GCA_012932095.1
Basidiomycota,GCA_001969225.1
Basidiomycota,GCA_900068955.1
Basidiomycota,GCA_000271625.1
Basidiomycota,GCF_000271625.1
Basidiomycota,GCA_951394405.1
Basidiomycota,GCA_027627275.1
Basidiomycota,GCA_004369175.1
Basidiomycota,GCA_951394415.1
Basidiomycota,
Basidiomycota,
Basidiomycota,GCA_004369085.1
Basidiomycota,GCA_020736565.1
Basidiomycota,GCA_900156845.1
Basidiomycota,
Basidiomycota,GCA_034638255.1
Basidiomycota,GCA_003316025.1
Basidiomycota,GCA_014925845.1
Basidiomycota,GCA_015657495.1
Basidiomycota,GCA_001179765.1
Basidiomycota,GCA_021029105.1
Basidiomycota,GCA_015951145.1
Basidiomycota,GCA_000500245.1
Basidiomycota,GCA_000464975.1
Basidiomycota,GCA_000500775.1
Basidiomycota,GCA_004379715.1
Basidiomycota,GCA_036937015.1
Basidiomycota,GCA_036936985.1
Basidiomycota,GCA_036417295.1
Basidiomycota,GCA_036427605.1
Basidiomycota,GCA_036426225.1
Basidiomycota,GCA_002954075.1
Basidiomycota,GCF_002954075.1
Basidiomycota,GCA_000091045.1
Basidiomycota,GCF_000091045.1
Basidiomycota,GCA_000185945.1
Basidiomycota,GCF_000185945.1
Basidiomycota,GCA_006352305.1
Basidiomycota,GCA_009650685.1
Basidiomycota,GCA_001720205.1
Basidiomycota,GCF_001720205.1
Basidiomycota,GCA_001720155.1
Basidiomycota,GCF_001720155.1
Basidiomycota,GCA_000855695.1
Basidiomycota,GCA_000835755.1
Basidiomycota,GCA_017654825.1
Basidiomycota,GCA_026538325.1
Basidiomycota,GCA_026538405.1
Basidiomycota,GCA_026538335.1
Basidiomycota,GCA_026538315.1
Basidiomycota,GCA_024271845.1
Basidiomycota,GCA_006992865.1
Basidiomycota,GCA_026538355.1
Basidiomycota,GCA_026538395.1
Basidiomycota,GCA_026538415.1
Basidiomycota,GCA_026538345.1
Basidiomycota,GCA_011801205.1
Basidiomycota,GCA_006149155.1
Basidiomycota,GCA_001720195.2
Basidiomycota,GCA_023650555.1
Basidiomycota,GCA_023650535.1
Basidiomycota,GCA_022832995.1
Basidiomycota,GCA_020975605.1
Basidiomycota,GCA_020975615.1
Basidiomycota,GCA_020975675.1
Basidiomycota,GCA_020975565.1
Basidiomycota,GCA_020975645.1
Basidiomycota,GCA_020975665.1
Basidiomycota,GCA_020975435.1
Basidiomycota,GCA_020975495.1
Basidiomycota,GCA_023650575.1
Basidiomycota,GCA_020975545.1
Basidiomycota,GCA_020975705.1
Basidiomycota,GCA_020975585.1
Basidiomycota,GCA_020975525.1
Basidiomycota,GCA_023650595.1
Basidiomycota,GCA_020975485.1
Basidiomycota,GCA_010233735.1
Basidiomycota,GCA_010233705.1
Basidiomycota,GCA_035658335.1
Basidiomycota,GCA_036428525.1
Basidiomycota,GCA_001720245.2
Basidiomycota,GCA_000149245.3
Basidiomycota,GCF_000149245.1
Basidiomycota,GCA_002216725.1
Basidiomycota,GCA_010065315.1
Basidiomycota,GCA_010065285.1
Basidiomycota,GCA_010065295.1
Basidiomycota,GCA_010065305.1
Basidiomycota,GCA_010065385.1
Basidiomycota,GCA_028982725.1
Basidiomycota,GCA_010065405.1
Basidiomycota,GCA_002216205.1
Basidiomycota,GCA_000149385.1
Basidiomycota,GCF_000149385.1
Basidiomycota,GCA_003011985.1
Basidiomycota,GCA_003011995.1
Basidiomycota,GCA_000786445.1
Basidiomycota,GCA_008355005.1
Basidiomycota,GCA_011057565.1
Basidiomycota,GCA_011057545.1
Basidiomycota,GCA_011057515.1
Basidiomycota,GCA_011057475.1
Basidiomycota,GCA_011057555.1
Basidiomycota,GCA_031840995.1
Basidiomycota,GCA_031841035.1
Basidiomycota,GCA_031842005.1
Basidiomycota,GCA_031841275.1
Basidiomycota,GCA_031840985.1
Basidiomycota,GCA_031841665.1
Basidiomycota,GCA_031841085.1
Basidiomycota,GCA_031840965.1
Basidiomycota,GCA_031841605.1
Basidiomycota,GCA_031841405.1
Basidiomycota,GCA_031841745.1
Basidiomycota,GCA_031841795.1
Basidiomycota,GCA_031841255.1
Basidiomycota,GCA_031840895.1
Basidiomycota,GCA_031841915.1
Basidiomycota,GCA_031841575.1
Basidiomycota,GCA_031840865.1
Basidiomycota,GCA_031841545.1
Basidiomycota,GCA_031841985.1
Basidiomycota,GCA_031840795.1
Basidiomycota,GCA_031841195.1
Basidiomycota,GCA_031841465.1
Basidiomycota,GCA_031841695.1
Basidiomycota,GCA_031840755.1
Basidiomycota,GCA_031841525.1
Basidiomycota,GCA_031840775.1
Basidiomycota,GCA_031841765.1
Basidiomycota,GCA_031841475.1
Basidiomycota,GCA_031841825.1
Basidiomycota,GCA_031841325.1
Basidiomycota,GCA_031841215.1
Basidiomycota,GCA_031841945.1
Basidiomycota,GCA_031841315.1
Basidiomycota,GCA_031841865.1
Basidiomycota,GCA_031841055.1
Basidiomycota,GCA_031841365.1
Basidiomycota,GCA_031840785.1
Basidiomycota,GCA_031841235.1
Basidiomycota,GCA_031841345.1
Basidiomycota,GCA_031840955.1
Basidiomycota,GCA_031841715.1
Basidiomycota,GCA_031841185.1
Basidiomycota,GCA_031841495.1
Basidiomycota,GCA_031841805.1
Basidiomycota,GCA_031841585.1
Basidiomycota,GCA_031841105.1
Basidiomycota,GCA_031841685.1
Basidiomycota,GCA_031841435.1
Basidiomycota,GCA_031841935.1
Basidiomycota,GCA_031841845.1
Basidiomycota,GCA_031841415.1
Basidiomycota,GCA_031841655.1
Basidiomycota,GCA_031840765.1
Basidiomycota,GCA_031841295.1
Basidiomycota,GCA_031841635.1
Basidiomycota,GCA_031841885.1
Basidiomycota,GCA_031840885.1
Basidiomycota,GCA_031840855.1
Basidiomycota,GCA_031840975.1
Basidiomycota,GCA_031840875.1
Basidiomycota,GCA_019970625.1
Basidiomycota,GCA_019970615.1
Basidiomycota,GCA_019969275.1
Basidiomycota,GCA_019970275.1
Basidiomycota,GCA_019970475.1
Basidiomycota,GCA_019970785.1
Basidiomycota,GCA_019970725.1
Basidiomycota,GCA_019970415.1
Basidiomycota,GCA_019970755.1
Basidiomycota,GCA_019970185.1
Basidiomycota,GCA_019970295.1
Basidiomycota,GCA_019970155.1
Basidiomycota,GCA_019970715.1
Basidiomycota,GCA_019970585.1
Basidiomycota,GCA_019970135.1
Basidiomycota,GCA_019970345.1
Basidiomycota,GCA_019970885.1
Basidiomycota,GCA_019970605.1
Basidiomycota,GCA_019970315.1
Basidiomycota,GCA_019970455.1
Basidiomycota,GCA_019970125.1
Basidiomycota,GCA_019970285.1
Basidiomycota,GCA_019970465.1
Basidiomycota,GCA_019970565.1
Basidiomycota,GCA_019970145.1
Basidiomycota,GCA_019970795.1
Basidiomycota,GCA_019969285.1
Basidiomycota,GCA_019970445.1
Basidiomycota,GCA_002220045.1
Basidiomycota,GCA_019969295.1
Basidiomycota,GCA_002222245.1
Basidiomycota,GCA_002222015.1
Basidiomycota,GCA_002222135.1
Basidiomycota,GCA_002222025.1
Basidiomycota,GCA_002222145.1
Basidiomycota,GCA_900177225.1
Basidiomycota,GCA_900177205.1
Basidiomycota,GCA_002222165.1
Basidiomycota,GCA_900177185.1
Basidiomycota,GCA_002215755.1
Basidiomycota,GCA_900177165.1
Basidiomycota,GCA_900177175.1
Basidiomycota,GCA_002222155.1
Basidiomycota,GCA_900177195.1
Basidiomycota,GCA_900177215.1
Basidiomycota,GCA_002215745.1
Basidiomycota,GCA_002222095.1
Basidiomycota,GCA_002222115.1
Basidiomycota,GCA_900177155.1
Basidiomycota,GCA_002217545.1
Basidiomycota,GCA_002215825.1
Basidiomycota,GCA_002215775.1
Basidiomycota,GCA_002222335.1
Basidiomycota,GCA_002215705.1
Basidiomycota,GCA_002215885.1
Basidiomycota,GCA_002222375.1
Basidiomycota,GCA_002224005.1
Basidiomycota,GCA_002215835.1
Basidiomycota,GCA_002222465.1
Basidiomycota,GCA_002222325.1
Basidiomycota,GCA_002222475.1
Basidiomycota,GCA_002234625.1
Basidiomycota,GCA_002222315.1
Basidiomycota,GCA_002222405.1
Basidiomycota,GCA_002220445.1
Basidiomycota,GCA_002222395.1
Basidiomycota,GCA_002222385.1
Basidiomycota,GCA_002222255.1
Basidiomycota,GCA_002222225.1
Basidiomycota,GCA_002222455.1
Basidiomycota,GCA_002222215.1
Basidiomycota,GCA_002222295.1
Basidiomycota,GCA_002215765.1
Basidiomycota,GCA_002221985.1
Basidiomycota,GCA_002215855.1
Basidiomycota,GCA_002220035.1
Basidiomycota,GCA_031841975.1
Basidiomycota,GCA_014964225.1
Basidiomycota,GCA_000875815.1
Basidiomycota,GCA_000935105.1
Basidiomycota,GCA_000836355.1
Basidiomycota,GCA_000835745.1
Basidiomycota,GCA_012922885.1
Basidiomycota,GCA_000875795.1
Basidiomycota,GCA_000836375.1
Basidiomycota,GCA_000835815.1
Basidiomycota,GCA_000875855.1
Basidiomycota,GCA_000835765.1
Basidiomycota,GCA_000836455.1
Basidiomycota,GCA_000836315.1
Basidiomycota,GCA_000499585.1
Basidiomycota,GCA_000836335.1
Basidiomycota,GCA_001720235.1
Basidiomycota,GCA_028975465.1
Basidiomycota,GCA_025531435.1
Basidiomycota,GCA_030913545.1
Basidiomycota,GCA_025531515.1
Basidiomycota,GCA_900079645.1
Basidiomycota,GCA_025738555.1
Basidiomycota,GCA_036937155.1
Basidiomycota,GCA_036940585.1
Basidiomycota,GCA_015501535.1
Basidiomycota,GCA_000934385.1
Basidiomycota,GCA_022813105.1
Basidiomycota,GCA_022835595.1
Basidiomycota,GCA_001599955.1
Basidiomycota,GCA_024345325.1
Basidiomycota,GCA_019775285.1
Basidiomycota,GCA_022835575.1
Basidiomycota,GCA_022835615.1
Basidiomycota,GCA_019775485.1
Basidiomycota,GCA_022835635.1
Basidiomycota,GCA_022835655.1
Basidiomycota,GCA_019775515.1
Basidiomycota,GCA_022592445.1
Basidiomycota,GCA_000292625.1
Basidiomycota,GCF_000292625.1
Basidiomycota,GCA_001632345.1
Basidiomycota,GCA_004369135.1
Basidiomycota,GCA_002286715.1
Basidiomycota,GCA_004679275.1
Basidiomycota,GCA_000275845.1
Basidiomycota,GCF_000275845.1
Basidiomycota,GCA_004307905.1
Basidiomycota,GCA_004307925.1
Basidiomycota,GCA_004307915.1
Basidiomycota,GCA_001600615.1
Basidiomycota,GCA_001600655.1
Basidiomycota,GCA_025882075.1
Basidiomycota,GCF_025882075.1
Basidiomycota,GCA_024115145.1
Basidiomycota,GCA_022605405.1
Basidiomycota,GCA_022376455.1
Basidiomycota,GCF_022376455.1
Basidiomycota,GCA_001972285.1
Basidiomycota,GCA_001600175.1
Basidiomycota,GCA_001632375.1
Basidiomycota,GCA_023273805.1
Basidiomycota,GCA_026210745.1
Basidiomycota,GCA_000313525.1
Basidiomycota,GCF_000313525.1
Basidiomycota,GCA_001600055.1
Basidiomycota,GCA_021052385.1
Basidiomycota,GCF_021052385.1
Basidiomycota,GCA_019201745.1
Basidiomycota,GCA_000934395.1
Basidiomycota,GCA_021399455.1
Basidiomycota,GCA_022606135.1
Basidiomycota,GCA_000271605.1
Basidiomycota,GCF_000271605.1
Basidiomycota,GCA_029783445.1
Basidiomycota,GCA_022606075.1
Basidiomycota,GCA_001931775.1
Basidiomycota,GCA_000344655.2
Basidiomycota,GCA_001937815.1
Basidiomycota,GCA_023014335.1
Basidiomycota,GCA_023014345.1
Basidiomycota,GCA_000697645.1
Basidiomycota,GCA_002900995.3
Basidiomycota,GCA_019426095.1
Basidiomycota,GCA_026283605.1
Basidiomycota,GCA_002760635.1
Basidiomycota,GCA_024305745.1
Basidiomycota,GCA_020736865.1
Basidiomycota,GCA_000338015.2
Basidiomycota,GCA_022814645.1
Basidiomycota,GCA_008694245.1
Basidiomycota,GCA_012655175.1
Basidiomycota,GCA_963378725.1
Basidiomycota,GCA_033032785.1
Basidiomycota,GCA_000271565.1
Basidiomycota,GCA_000262775.1
Basidiomycota,GCA_000338035.1
Basidiomycota,GCA_020976605.1
Basidiomycota,GCA_022836635.1
Basidiomycota,GCA_001855635.1
Basidiomycota,GCA_022813035.1
Basidiomycota,GCA_003057275.1
Basidiomycota,GCA_015179125.1
Basidiomycota,GCA_022496205.1
Basidiomycota,GCA_000344685.1
Basidiomycota,GCF_000344685.1
Basidiomycota,GCA_019112545.1
Basidiomycota,GCF_019112545.1
Basidiomycota,GCA_015501075.1
Basidiomycota,GCA_002938385.1
Basidiomycota,GCA_900068935.1
Basidiomycota,GCA_009733575.1
Basidiomycota,GCA_014904945.1
Basidiomycota,GCA_000827355.1
Basidiomycota,GCA_004369045.1
Basidiomycota,GCA_006506795.2
Basidiomycota,GCA_033439255.1
Basidiomycota,GCA_003675405.1
Basidiomycota,GCA_004681135.1
Basidiomycota,GCA_016906435.1
Basidiomycota,GCA_001457955.1
Basidiomycota,GCA_000320585.2
Basidiomycota,GCF_000320585.1
Basidiomycota,GCA_002994785.1
Basidiomycota,GCA_001457895.1
Basidiomycota,GCA_001457995.1
Basidiomycota,GCA_000633895.1
Basidiomycota,GCA_902749255.1
Basidiomycota,GCA_902749295.1
Basidiomycota,GCA_902749315.1
Basidiomycota,GCA_902749275.1
Basidiomycota,GCA_902749245.1
Basidiomycota,GCA_902749265.1
Basidiomycota,GCA_001457935.1
Basidiomycota,GCA_902749305.1
Basidiomycota,GCA_902749325.1
Basidiomycota,GCA_902749285.1
Basidiomycota,GCA_001458015.1
Basidiomycota,GCA_001457915.1
Basidiomycota,GCA_000827185.1
Basidiomycota,GCA_014904985.1
Basidiomycota,GCA_021014935.1
Basidiomycota,GCA_015501595.1
Basidiomycota,GCA_036872995.1
Basidiomycota,GCA_003314085.1
Basidiomycota,GCA_003314005.1
Basidiomycota,GCA_016801325.1
Basidiomycota,GCA_000827495.1
Basidiomycota,GCA_015178975.1
Basidiomycota,GCA_001986395.2
Basidiomycota,GCA_022160335.1
Basidiomycota,GCA_037042295.1
Basidiomycota,GCA_037039805.1
Basidiomycota,GCA_037040455.1
Basidiomycota,GCA_037041695.1
Basidiomycota,GCA_022606095.1
Basidiomycota,GCA_037042435.1
Basidiomycota,GCA_000697665.1
Basidiomycota,GCA_003144245.1
Basidiomycota,GCF_003144245.1
Basidiomycota,GCA_002102565.1
Basidiomycota,GCF_002102565.1
Basidiomycota,GCA_000143565.1
Basidiomycota,GCF_000143565.1
Basidiomycota,GCA_000827195.1
Basidiomycota,GCA_018417955.1
Basidiomycota,GCA_018417965.1
Basidiomycota,GCA_018423945.1
Basidiomycota,GCA_018423875.1
Basidiomycota,GCA_963281015.1
Basidiomycota,GCA_951394315.1
Basidiomycota,GCA_024734325.1
Basidiomycota,GCA_021525775.1
Basidiomycota,GCA_025766275.1
Basidiomycota,GCA_021524915.1
Basidiomycota,GCA_021527775.1
Basidiomycota,GCA_021527035.1
Basidiomycota,GCA_021525015.1
Basidiomycota,GCA_025769895.1
Basidiomycota,GCA_015025155.1
Basidiomycota,GCA_021525025.1
Basidiomycota,GCA_003315845.1
Basidiomycota,GCA_003314065.1
Basidiomycota,GCA_003315925.1
Basidiomycota,GCA_021525005.1
Basidiomycota,GCA_006680135.1
Basidiomycota,GCA_003316005.1
Basidiomycota,GCA_003315955.1
Basidiomycota,GCA_963281095.1
Basidiomycota,GCA_003313985.1
Basidiomycota,GCA_951394305.1
Basidiomycota,GCA_022376515.1
Basidiomycota,GCA_022496195.1
Basidiomycota,GCA_003315875.1
Basidiomycota,GCA_003314055.1
Basidiomycota,GCA_003313945.1
Basidiomycota,GCA_003315975.1
Basidiomycota,GCA_003315895.1
Basidiomycota,GCA_003315835.1
Basidiomycota,GCA_001632365.1
Basidiomycota,GCF_001632365.1
Basidiomycota,GCA_927399515.3
Basidiomycota,GCA_024321985.1
Basidiomycota,GCA_927399535.3
Basidiomycota,GCA_003521245.1
Basidiomycota,GCA_016068325.1
Basidiomycota,GCA_021015755.1
Basidiomycota,GCF_021015755.1
Basidiomycota,GCA_027921405.1
Basidiomycota,GCA_027919835.1
Basidiomycota,GCA_028011355.1
Basidiomycota,GCA_027919855.1
Basidiomycota,GCA_028011325.1
Basidiomycota,GCA_027886325.1
Basidiomycota,GCA_027886635.1
Basidiomycota,GCA_027921425.1
Basidiomycota,GCA_027886305.1
Basidiomycota,GCA_030770125.1
Basidiomycota,GCA_030770075.1
Basidiomycota,GCA_015476405.1
Basidiomycota,GCA_030246715.1
Basidiomycota,GCA_030246695.1
Basidiomycota,GCA_028011485.1
Basidiomycota,GCA_001562095.1
Basidiomycota,GCA_001700625.1
Basidiomycota,GCA_027917475.1
Basidiomycota,GCA_027917485.1
Basidiomycota,GCA_027887095.1
Basidiomycota,GCA_027886755.1
Basidiomycota,GCA_002000105.1
Basidiomycota,GCA_002003045.1
Basidiomycota,GCA_004919705.1
Basidiomycota,GCA_002195965.1
Basidiomycota,GCA_002195955.1
Basidiomycota,GCA_027886465.1
Basidiomycota,GCA_027886345.1
Basidiomycota,GCA_027886315.1
Basidiomycota,GCA_027917355.1
Basidiomycota,GCA_027886495.1
Basidiomycota,GCA_027886735.1
Basidiomycota,GCA_027917365.1
Basidiomycota,GCA_027886695.1
Basidiomycota,GCA_027917575.1
Basidiomycota,GCA_003813185.1
Basidiomycota,GCA_000787475.1
Basidiomycota,GCA_003813205.1
Basidiomycota,GCA_022457215.2
Basidiomycota,GCA_013368445.1
Basidiomycota,GCA_001563735.1
Basidiomycota,GCA_000382605.1
Basidiomycota,GCA_021014945.1
Basidiomycota,GCA_025854295.1
Basidiomycota,GCA_026008595.1
Basidiomycota,GCA_014905825.1
Basidiomycota,GCA_018851285.1
Basidiomycota,GCA_026258425.1
Basidiomycota,GCA_001950495.1
Basidiomycota,GCA_036418075.1
Basidiomycota,GCA_001950515.1
Basidiomycota,GCA_015584085.1
Basidiomycota,GCA_003315915.1
Basidiomycota,GCA_029542845.1
Basidiomycota,GCA_029542905.1
Basidiomycota,GCA_029542785.1
Basidiomycota,GCF_029542785.1
Basidiomycota,GCA_029542925.1
Basidiomycota,GCF_029542925.1
Basidiomycota,GCA_029542985.1
Basidiomycota,GCA_029542945.1
Basidiomycota,GCA_029542805.1
Basidiomycota,GCA_029542765.1
Basidiomycota,GCA_029542965.1
Basidiomycota,GCA_029542885.1
Basidiomycota,GCA_003290485.1
Basidiomycota,GCF_003290485.1
Basidiomycota,GCA_009938135.1
Basidiomycota,GCA_029542865.1
Basidiomycota,GCA_029542825.1
Basidiomycota,GCA_001278385.1
Basidiomycota,GCF_001278385.1
Basidiomycota,GCA_000181695.2
Basidiomycota,GCF_000181695.2
Basidiomycota,GCA_010577765.1
Basidiomycota,GCA_001600775.1
Basidiomycota,GCA_000349305.2
Basidiomycota,GCF_000349305.1
Basidiomycota,GCA_004026415.1
Basidiomycota,GCA_010232095.1
Basidiomycota,GCA_900149155.1
Basidiomycota,GCA_900149135.1
Basidiomycota,GCA_900149165.1
Basidiomycota,GCA_900149175.1
Basidiomycota,GCA_900149145.1
Basidiomycota,GCA_003691605.1
Basidiomycota,GCA_024498975.1
Basidiomycota,GCA_014493585.1
Basidiomycota,GCA_001264765.1
Basidiomycota,GCA_000169275.1
Basidiomycota,GCA_001264975.1
Basidiomycota,GCA_001264805.1
Basidiomycota,GCA_020085095.1
Basidiomycota,GCA_001600835.1
Basidiomycota,GCA_001600795.1
Basidiomycota,GCA_001265015.1
Basidiomycota,GCA_001264785.1
Basidiomycota,GCA_001264635.1
Basidiomycota,GCA_001264685.1
Basidiomycota,GCA_001264665.1
Basidiomycota,GCA_001264625.1
Basidiomycota,GCA_001264985.1
Basidiomycota,GCA_001264965.1
Basidiomycota,GCA_001264725.1
Basidiomycota,GCA_001264925.1
Basidiomycota,GCA_001264715.1
Basidiomycota,GCA_001264705.1
Basidiomycota,GCA_036584375.1
Basidiomycota,GCA_036584425.1
Basidiomycota,GCA_036584355.1
Basidiomycota,GCA_036584385.1
Basidiomycota,GCA_001264795.1
Basidiomycota,GCA_001264815.1
Basidiomycota,GCA_023079145.1
Basidiomycota,GCA_023510035.1
Basidiomycota,GCA_023079135.1
Basidiomycota,GCA_023510055.1
Basidiomycota,GCA_023079155.1
Basidiomycota,GCA_023373805.1
Basidiomycota,GCA_002818225.1
Basidiomycota,GCA_023079105.1
Basidiomycota,GCA_001265045.1
Basidiomycota,GCA_001265065.1
Basidiomycota,GCA_001264885.1
Basidiomycota,GCA_937888505.1
Basidiomycota,GCA_963379355.1
Basidiomycota,GCA_937901775.1
Basidiomycota,GCA_963379255.1
Basidiomycota,GCA_963379345.1
Basidiomycota,GCA_937880085.1
Basidiomycota,GCA_030826665.1
Basidiomycota,GCA_937879915.1
Basidiomycota,GCA_963379265.1
Basidiomycota,GCA_030826685.1
Basidiomycota,GCA_023079125.1
Basidiomycota,GCA_002551515.1
Basidiomycota,GCA_001264895.1
Basidiomycota,GCA_001264875.1
Basidiomycota,GCA_001265055.1
Basidiomycota,GCA_001264865.1
Basidiomycota,GCA_023079165.1
Basidiomycota,GCA_002549865.1
Basidiomycota,GCA_018924745.1
Basidiomycota,GCF_018924745.1
Basidiomycota,GCA_014904975.1
Basidiomycota,GCA_029532415.1
Basidiomycota,GCA_024721195.1
Basidiomycota,GCA_025815895.1
Basidiomycota,GCA_003144205.1
Basidiomycota,GCF_003144205.1
Basidiomycota,GCA_001600355.1
Basidiomycota,GCA_000204055.1
Basidiomycota,GCF_000204055.1
Basidiomycota,GCA_002157005.1
Basidiomycota,GCA_002157035.1
Basidiomycota,GCA_022264835.1
Basidiomycota,GCA_002157025.1
Basidiomycota,GCA_002157085.1
Basidiomycota,GCA_002157015.1
Basidiomycota,GCA_000464645.1
Basidiomycota,GCA_014904935.1
Basidiomycota,GCA_001244265.2
Basidiomycota,GCA_022506055.1
Basidiomycota,GCA_022702605.1
Basidiomycota,GCA_022702645.1
Basidiomycota,GCA_003665825.1
Basidiomycota,GCA_900102585.1
Basidiomycota,GCA_014805725.1
Basidiomycota,GCA_900015445.1
Basidiomycota,GCA_003121365.1
Basidiomycota,GCA_003121355.1
Basidiomycota,GCA_900010185.1
Basidiomycota,GCA_900016715.1
Basidiomycota,GCA_900010235.1
Basidiomycota,GCA_900011535.1
Basidiomycota,GCA_900011195.1
Basidiomycota,GCA_900008665.1
Basidiomycota,GCA_900011025.1
Basidiomycota,GCA_900010535.1
Basidiomycota,GCA_900010705.1
Basidiomycota,GCA_900016725.1
Basidiomycota,GCA_900010545.1
Basidiomycota,GCA_900016685.1
Basidiomycota,GCA_900016695.1
Basidiomycota,GCA_900012385.1
Basidiomycota,GCA_900010715.1
Basidiomycota,GCA_900009975.1
Basidiomycota,GCA_900016705.1
Basidiomycota,GCA_900015465.1
Basidiomycota,GCA_000166175.1
Basidiomycota,GCA_022505985.1
Basidiomycota,GCA_900015485.1
Basidiomycota,GCA_022506005.1
Basidiomycota,GCA_022506025.1
Basidiomycota,GCA_900015965.1
Basidiomycota,GCA_900015455.1
Basidiomycota,GCA_900011735.1
Basidiomycota,GCA_022702585.1
Basidiomycota,GCA_900013405.1
Basidiomycota,GCA_900015505.1
Basidiomycota,GCA_022506015.1
Basidiomycota,GCA_022506095.1
Basidiomycota,GCA_022506105.1
Basidiomycota,GCA_900014965.1
Basidiomycota,GCA_022702565.1
Basidiomycota,GCA_022505995.1
Basidiomycota,GCA_900014955.1
Basidiomycota,GCA_009602455.1
Basidiomycota,GCA_900015415.1
Basidiomycota,GCA_900015425.1
Basidiomycota,GCA_900008855.1
Basidiomycota,GCA_900015495.1
Basidiomycota,GCA_900015435.1
Basidiomycota,GCA_900009495.1
Basidiomycota,GCA_900096595.1
Basidiomycota,GCA_003665835.1
Basidiomycota,GCA_022702625.1
Basidiomycota,GCA_900015475.1
Basidiomycota,GCA_900015975.1
Basidiomycota,GCA_900100905.1
Basidiomycota,GCA_900120095.1
Basidiomycota,GCA_000708205.1
Basidiomycota,GCF_000708205.1
Basidiomycota,GCA_000241205.2
Basidiomycota,GCA_000747765.1
Basidiomycota,GCF_000747765.1
Basidiomycota,GCA_000517465.1
Basidiomycota,GCA_023212605.1
Basidiomycota,GCA_030849465.1
Basidiomycota,GCA_003004715.1
Basidiomycota,GCA_003004725.1
Basidiomycota,GCA_031214725.1
Basidiomycota,GCA_900322835.1
Basidiomycota,GCA_031213555.1
Basidiomycota,GCA_928872045.1
Basidiomycota,GCA_000334475.1
Basidiomycota,GCA_003971905.1
Basidiomycota,GCA_001466705.2
Basidiomycota,GCA_000488995.1
Basidiomycota,GCF_000488995.1
Basidiomycota,GCA_000183025.1
Basidiomycota,GCF_000183025.1
Basidiomycota,GCA_001600395.1
Basidiomycota,GCA_024345305.1
Basidiomycota,GCA_001889225.1
Basidiomycota,GCA_000950635.1
Basidiomycota,GCA_036245725.1
Basidiomycota,GCA_000815965.1
Basidiomycota,GCA_017654745.1
Basidiomycota,GCA_022496185.1
Basidiomycota,GCA_014462675.1
Basidiomycota,GCA_029204075.1
Basidiomycota,GCA_029320655.1
Basidiomycota,GCA_029281495.1
Basidiomycota,GCA_029282495.1
Basidiomycota,GCA_029281465.1
Basidiomycota,GCA_029282125.1
Basidiomycota,GCA_029282285.1
Basidiomycota,GCA_029289555.1
Basidiomycota,GCA_029449255.1
Basidiomycota,GCA_029289565.1
Basidiomycota,GCA_029282135.1
Basidiomycota,GCA_029281795.1
Basidiomycota,GCA_029203975.1
Basidiomycota,GCA_029448575.1
Basidiomycota,GCA_029378385.1
Basidiomycota,GCA_029204335.1
Basidiomycota,GCA_029233265.1
Basidiomycota,GCA_029378255.1
Basidiomycota,GCA_029378375.1
Basidiomycota,GCA_029378395.1
Basidiomycota,GCA_029281435.1
Basidiomycota,GCA_014925785.1
Basidiomycota,GCA_014462655.1
Basidiomycota,GCA_014461135.1
Basidiomycota,GCF_014461135.1
Basidiomycota,GCA_014461125.1
Basidiomycota,GCA_014461115.1
Basidiomycota,GCA_029281405.1
Basidiomycota,GCA_963692855.1
Basidiomycota,GCA_029204085.1
Basidiomycota,GCA_023547045.1
Basidiomycota,GCA_029203985.1
Basidiomycota,GCA_003987915.1
Basidiomycota,GCA_001612595.1
Basidiomycota,GCA_021527695.1
Basidiomycota,GCA_002105065.1
Basidiomycota,GCA_033032075.1
Basidiomycota,GCA_033032605.1
Basidiomycota,GCA_033032035.1
Basidiomycota,GCA_033032055.1
Basidiomycota,GCA_001599735.1
Basidiomycota,GCA_030039215.1
Basidiomycota,GCA_022813745.1
Basidiomycota,GCA_013423385.1
Basidiomycota,GCA_015708705.1
Basidiomycota,GCA_030039245.1
Basidiomycota,GCA_030039255.1
Basidiomycota,GCA_012922715.1
Basidiomycota,GCA_012922685.1
Basidiomycota,GCA_013461525.1
Basidiomycota,GCA_030039265.1
Basidiomycota,GCA_025758675.1
Basidiomycota,GCA_023628155.1
Basidiomycota,GCA_024322255.1
Basidiomycota,GCA_023628175.1
Basidiomycota,GCA_001468955.1
Basidiomycota,GCA_012922635.1
Basidiomycota,GCA_012922605.1
Basidiomycota,GCA_001444555.1
Basidiomycota,GCA_019775365.1
Basidiomycota,GCA_030039275.1
Basidiomycota,GCA_001632425.1
Basidiomycota,GCA_001687445.1
Basidiomycota,GCA_000296255.1
Basidiomycota,GCA_028554645.1
Basidiomycota,GCA_015501605.1
Basidiomycota,GCA_002938355.1
Basidiomycota,GCA_013387415.1
Basidiomycota,GCA_022160315.1
Basidiomycota,GCA_031326905.1
Basidiomycota,GCA_000442785.1
Basidiomycota,GCA_035773095.1
Basidiomycota,GCA_032158125.1
Basidiomycota,GCA_019857685.1
Basidiomycota,GCA_012922615.1
Basidiomycota,GCA_012922625.1
Basidiomycota,GCA_000738825.1
Basidiomycota,GCA_000827475.1
Basidiomycota,GCA_014904835.1
Basidiomycota,GCA_000827395.1
Basidiomycota,GCA_001632445.1
Basidiomycota,GCA_900536885.1
Basidiomycota,GCA_943181505.1
Basidiomycota,GCA_943846425.1
Basidiomycota,GCA_025201825.1
Basidiomycota,GCA_019973155.2
Basidiomycota,GCA_000300595.1
Basidiomycota,GCF_000300595.1
Basidiomycota,GCA_000167175.1
Basidiomycota,GCA_002794735.1
Basidiomycota,GCA_021029095.1
Basidiomycota,GCA_011032875.1
Basidiomycota,GCA_027627325.1
Basidiomycota,GCA_011032875.1
Basidiomycota,GCA_027627325.1
Basidiomycota,GCA_000832265.1
Basidiomycota,GCA_035772785.1
Basidiomycota,GCA_020232755.1
Basidiomycota,GCA_021018615.1
Basidiomycota,GCA_000766925.2
Basidiomycota,GCA_009935795.1
Basidiomycota,GCA_003314615.1
Basidiomycota,GCA_014925825.1
Basidiomycota,GCA_015484465.1
Basidiomycota,GCA_000827315.1
Basidiomycota,GCA_024613185.1
Basidiomycota,GCA_024613165.1
Basidiomycota,GCA_024663395.1
Basidiomycota,GCA_024613125.1
Basidiomycota,GCF_024613125.1
Basidiomycota,GCA_024663475.1
Basidiomycota,GCA_024663515.1
Basidiomycota,GCA_024613145.1
Basidiomycota,GCA_024663435.1
Basidiomycota,GCA_000827275.1
Basidiomycota,GCA_024509395.1
Basidiomycota,GCA_024663415.1
Basidiomycota,GCA_000827335.1
Basidiomycota,GCA_024196135.1
Basidiomycota,GCA_019677325.2
Basidiomycota,GCA_014466165.1
Basidiomycota,GCF_014466165.1
Basidiomycota,GCA_029467805.1
Basidiomycota,GCA_036872985.1
Basidiomycota,GCA_012980535.1
Basidiomycota,GCA_017312325.1
Basidiomycota,GCA_014058305.1
Basidiomycota,GCA_019395345.1
Basidiomycota,GCA_002583695.1
Basidiomycota,GCA_029747585.1
Basidiomycota,GCA_032158425.1
Basidiomycota,GCA_026743855.1
Basidiomycota,GCA_003313735.1
Basidiomycota,GCA_005298045.1
Basidiomycota,GCA_024196135.1
Basidiomycota,GCA_947034855.1
Basidiomycota,GCA_029852705.2
Basidiomycota,GCA_003313235.2
Basidiomycota,GCA_001956935.2
Basidiomycota,GCA_947034875.1
Basidiomycota,GCA_000697685.1
Basidiomycota,GCA_003243765.1
Basidiomycota,GCA_001717165.1
Basidiomycota,GCA_015484515.1
Basidiomycota,GCA_029467795.1
Basidiomycota,GCA_029874175.1
Basidiomycota,GCA_029874165.1
Basidiomycota,GCA_003243755.1
Basidiomycota,GCA_002847145.1
Basidiomycota,GCA_003313115.1
Basidiomycota,GCA_012979565.1
Basidiomycota,GCA_012980525.1
Basidiomycota,GCA_032158505.1
Basidiomycota,GCA_003314595.1
Basidiomycota,GCA_019693315.1
Basidiomycota,GCA_002933715.1
Basidiomycota,GCA_003314355.1
Basidiomycota,GCA_001742905.1
Basidiomycota,GCA_036873075.1
Basidiomycota,GCA_024195665.1
Basidiomycota,GCA_003314755.1
Basidiomycota,GCA_000827205.1
Basidiomycota,GCA_004369065.1
Basidiomycota,GCA_001792895.1
Basidiomycota,GCA_004369055.1
Basidiomycota,GCA_003367725.1
Basidiomycota,GCA_002794775.1
Basidiomycota,GCA_002117355.1
Basidiomycota,GCF_002117355.1
Basidiomycota,GCA_015832375.1
Basidiomycota,GCA_000006255.1
Basidiomycota,GCF_000006255.1
Basidiomycota,GCA_003144135.1
Basidiomycota,GCF_003144135.1
Basidiomycota,GCA_023212835.1
Basidiomycota,GCA_023212685.1
Basidiomycota,GCA_000403515.1
Basidiomycota,GCF_000403515.1
Basidiomycota,GCA_000417875.1
Basidiomycota,GCF_000417875.1
Basidiomycota,GCA_003004685.1
Basidiomycota,GCA_001736125.1
Basidiomycota,GCA_037039655.1
Basidiomycota,GCA_030142165.1
Basidiomycota,GCA_001736105.1
Basidiomycota,GCA_900322975.1
Basidiomycota,GCA_023212635.2
Basidiomycota,GCA_017499595.2
Basidiomycota,GCF_017499595.1
Basidiomycota,GCA_013368295.1
Basidiomycota,GCA_023853805.1
Basidiomycota,GCA_023853785.1
Basidiomycota,GCA_027604855.1
Basidiomycota,GCA_002938375.1
Basidiomycota,GCA_019904355.1
Basidiomycota,GCA_019721455.1
Basidiomycota,GCA_033735195.1
Basidiomycota,GCA_033734935.1
Basidiomycota,GCA_033734995.1
Basidiomycota,GCA_033735215.1
Basidiomycota,GCA_033735455.1
Basidiomycota,GCA_033734955.1
Basidiomycota,GCA_033735395.1
Basidiomycota,GCA_033735295.1
Basidiomycota,GCA_033734975.1
Basidiomycota,GCA_033735315.1
Basidiomycota,GCA_033735415.1
Basidiomycota,GCA_033735155.1
Basidiomycota,GCA_033735235.1
Basidiomycota,GCA_033735355.1
Basidiomycota,GCA_033734215.1
Basidiomycota,GCA_033735485.1
Basidiomycota,GCA_033735545.1
Basidiomycota,GCA_033734185.1
Basidiomycota,GCA_033735255.1
Basidiomycota,GCA_033735275.1
Basidiomycota,GCA_033735375.1
Basidiomycota,GCA_033735035.1
Basidiomycota,GCA_033735175.1
Basidiomycota,GCA_033734195.1
Basidiomycota,GCA_033735335.1
Basidiomycota,GCA_033735135.1
Basidiomycota,GCA_033735435.1
Basidiomycota,GCA_033734205.1
Basidiomycota,GCA_033735055.1
Basidiomycota,GCA_033735075.1
Basidiomycota,GCA_033735115.1
Basidiomycota,GCA_033735015.1
Basidiomycota,GCA_033735095.1
Basidiomycota,GCA_033734175.1
Basidiomycota,GCA_033735475.1
Basidiomycota,GCA_027604815.1
Basidiomycota,GCA_027604875.1
Basidiomycota,GCA_027604765.1
Basidiomycota,GCA_027604835.1
Basidiomycota,GCA_027604795.1
Basidiomycota,GCA_019908695.1
Basidiomycota,GCA_019908715.1
Basidiomycota,GCA_019721835.1
Basidiomycota,GCA_004369125.1
Basidiomycota,GCA_900068985.1
Basidiomycota,GCA_026914185.1
Basidiomycota,GCF_026914185.1
Basidiomycota,GCA_021901695.1
Basidiomycota,GCF_021901695.1
Basidiomycota,GCA_025617555.3
Basidiomycota,GCA_000149925.1
Basidiomycota,GCF_000149925.1
Basidiomycota,GCA_001624995.1
Basidiomycota,GCA_007896445.1
Basidiomycota,GCA_002873125.1
Basidiomycota,GCA_004348175.1
Basidiomycota,GCA_019395275.1
Basidiomycota,GCA_001263375.1
Basidiomycota,GCA_021901655.1
Basidiomycota,GCA_026914245.1
Basidiomycota,GCA_025169535.1
Basidiomycota,GCA_025169555.1
Basidiomycota,GCA_029633885.1
Basidiomycota,GCA_029634005.1
Basidiomycota,GCA_019358815.1
Basidiomycota,GCA_002762355.2
Basidiomycota,GCA_011750755.1
Basidiomycota,GCA_002900275.1
Basidiomycota,GCA_011750625.1
Basidiomycota,GCA_001936605.2
Basidiomycota,GCA_004194325.1
Basidiomycota,GCA_002920065.1
Basidiomycota,GCA_002920205.1
Basidiomycota,GCA_002008965.1
Basidiomycota,GCA_002008935.1
Basidiomycota,GCA_002008925.1
Basidiomycota,GCA_025869495.1
Basidiomycota,GCA_025869475.1
Basidiomycota,GCA_000223505.1
Basidiomycota,GCA_001191645.1
Basidiomycota,GCA_000342545.1
Basidiomycota,GCA_000342525.1
Basidiomycota,GCA_000342565.1
Basidiomycota,GCA_000342625.1
Basidiomycota,GCA_013090125.1
Basidiomycota,GCA_000151525.2
Basidiomycota,GCA_001707215.1
Basidiomycota,GCA_001707095.1
Basidiomycota,GCA_001706745.1
Basidiomycota,GCA_001707415.1
Basidiomycota,GCA_001707345.1
Basidiomycota,GCA_001707035.1
Basidiomycota,GCA_001706825.1
Basidiomycota,GCA_001706815.1
Basidiomycota,GCA_001707045.1
Basidiomycota,GCA_001707295.1
Basidiomycota,GCA_001707655.1
Basidiomycota,GCA_001707075.1
Basidiomycota,GCA_001706785.1
Basidiomycota,GCA_001707355.1
Basidiomycota,GCA_001707385.1
Basidiomycota,GCA_008522505.1
Basidiomycota,GCA_008520325.1
Basidiomycota,GCA_903797515.1
Basidiomycota,GCA_002873275.1
Basidiomycota,GCA_029618625.1
Basidiomycota,GCA_029618635.1
Basidiomycota,GCA_000474995.1
Basidiomycota,GCA_001013415.1
Basidiomycota,GCA_000264995.1
Basidiomycota,GCF_000264995.1
Basidiomycota,GCA_015039355.1
Basidiomycota,GCA_003316465.1
Basidiomycota,GCA_003314545.1
Basidiomycota,GCA_016906535.1
Basidiomycota,GCF_016906535.1
Basidiomycota,GCA_024722335.1
Basidiomycota,GCA_034770255.1
Basidiomycota,GCA_034770285.1
Basidiomycota,GCA_025504695.1
Basidiomycota,GCA_028551635.1
Basidiomycota,GCA_017311305.1
Basidiomycota,GCA_019297585.1
Basidiomycota,GCA_020746845.1
Basidiomycota,GCA_015342405.1
Basidiomycota,GCA_026766895.1
Basidiomycota,GCA_026686785.1
Basidiomycota,GCA_015342435.1
Basidiomycota,GCA_015341985.1
Basidiomycota,GCA_015342415.1
Basidiomycota,GCA_905219585.1
Basidiomycota,GCA_905219615.1
Basidiomycota,GCA_905219545.1
Basidiomycota,GCA_905219625.1
Basidiomycota,GCA_905219655.1
Basidiomycota,GCA_905219635.1
Basidiomycota,GCA_905219565.1
Basidiomycota,GCA_001286725.1
Basidiomycota,GCA_905219575.1
Basidiomycota,GCA_905219645.1
Basidiomycota,GCA_905232135.1
Basidiomycota,GCA_905219605.1
Basidiomycota,GCA_000334115.1
Basidiomycota,GCA_001899475.2
Basidiomycota,GCA_914271525.1
Basidiomycota,GCA_914271495.1
Basidiomycota,GCA_000832345.2
Basidiomycota,GCA_000524645.1
Basidiomycota,GCA_000350255.1
Basidiomycota,GCA_900185085.1
Basidiomycota,GCA_000695385.1
Basidiomycota,GCA_000715385.1
Basidiomycota,GCA_021018865.1
Basidiomycota,GCA_003268435.1
Basidiomycota,GCA_030142035.1
Basidiomycota,GCA_905219595.1
Basidiomycota,GCA_029603245.1
Basidiomycota,GCA_002995295.1
Basidiomycota,GCA_001658105.1
Basidiomycota,GCA_930272055.1
Basidiomycota,GCA_002995055.1
Basidiomycota,GCA_002995095.1
Basidiomycota,GCA_001882365.1
Basidiomycota,GCA_002994865.1
Basidiomycota,GCA_002994995.1
Basidiomycota,GCA_002995315.1
Basidiomycota,GCA_002995455.1
Basidiomycota,GCA_002995475.1
Basidiomycota,GCA_002995415.1
Basidiomycota,GCA_002995065.1
Basidiomycota,GCA_002995395.1
Basidiomycota,GCA_002995275.1
Basidiomycota,GCA_002995375.1
Basidiomycota,GCA_002994825.1
Basidiomycota,GCA_002994895.1
Basidiomycota,GCA_002995355.1
Basidiomycota,GCA_002995195.1
Basidiomycota,GCA_002995115.1
Basidiomycota,GCA_002995015.1
Basidiomycota,GCA_002995215.1
Basidiomycota,GCA_002995245.1
Basidiomycota,GCA_002994855.1
Basidiomycota,GCA_002995335.1
Basidiomycota,GCA_002994955.1
Basidiomycota,GCA_002995035.1
Basidiomycota,GCA_002995235.1
Basidiomycota,GCA_002995175.1
Basidiomycota,GCA_002995135.1
Basidiomycota,GCA_002995155.1
Basidiomycota,GCA_015501585.1
Basidiomycota,GCA_022264815.1
Basidiomycota,GCF_022264815.1
Basidiomycota,GCA_004679265.1
Basidiomycota,GCA_034406715.1
Basidiomycota,GCA_920103745.3
Basidiomycota,GCA_920104245.2
Basidiomycota,GCA_000320785.2
Basidiomycota,GCF_000320785.1
Basidiomycota,GCA_036244875.1
Basidiomycota,GCA_019926025.1
Basidiomycota,GCA_001329695.1
Basidiomycota,GCF_001329695.1
Basidiomycota,GCA_024713535.1
Basidiomycota,GCA_006352295.1
Basidiomycota,GCA_002922495.1
Basidiomycota,GCA_023628235.1
Basidiomycota,GCA_019059545.1
Basidiomycota,GCA_021654155.1
Basidiomycota,GCA_001541205.1
Basidiomycota,GCA_028828645.1
Basidiomycota,GCA_005059875.1
Basidiomycota,GCA_030867695.1
Basidiomycota,GCA_009806315.1
Basidiomycota,GCA_023628275.1
Basidiomycota,GCA_001914285.1
Basidiomycota,GCA_019923515.1
Basidiomycota,GCA_024748845.1
Basidiomycota,GCA_003055205.1
Basidiomycota,GCA_024500305.1
Basidiomycota,GCA_004143675.1
Basidiomycota,GCA_019190935.1
Basidiomycota,GCA_019190035.1
Basidiomycota,GCA_025502755.1
Basidiomycota,GCA_025502865.1
Basidiomycota,GCA_013036505.1
Basidiomycota,GCA_019191065.1
Basidiomycota,GCA_025502925.1
Basidiomycota,GCA_019191075.1
Basidiomycota,GCA_019189395.1
Basidiomycota,GCA_019191155.1
Basidiomycota,GCA_025502885.1
Basidiomycota,GCA_019190965.1
Basidiomycota,GCA_019189475.1
Basidiomycota,GCA_019189485.1
Basidiomycota,GCA_019189915.1
Basidiomycota,GCA_019190635.1
Basidiomycota,GCA_019189885.1
Basidiomycota,GCA_019189345.1
Basidiomycota,GCA_019189675.1
Basidiomycota,GCA_019190765.1
Basidiomycota,GCA_019189905.1
Basidiomycota,GCA_019189595.1
Basidiomycota,GCA_019190895.1
Basidiomycota,GCA_019190345.1
Basidiomycota,GCA_019189525.1
Basidiomycota,GCA_013036805.1
Basidiomycota,GCA_013036655.1
Basidiomycota,GCA_019189665.1
Basidiomycota,GCA_019189415.1
Basidiomycota,GCA_025502915.1
Basidiomycota,GCA_025502725.1
Basidiomycota,GCA_019190505.1
Basidiomycota,GCA_019189795.1
Basidiomycota,GCA_019189755.1
Basidiomycota,GCA_019189545.1
Basidiomycota,GCA_019190525.1
Basidiomycota,GCA_019189985.1
Basidiomycota,GCA_019190605.1
Basidiomycota,GCA_019190135.1
Basidiomycota,GCA_013036475.1
Basidiomycota,GCA_019190885.1
Basidiomycota,GCA_037041355.1
Basidiomycota,GCA_019189785.1
Basidiomycota,GCA_013036825.1
Basidiomycota,GCA_019190015.1
Basidiomycota,GCA_013036905.1
Basidiomycota,GCA_019190585.1
Basidiomycota,GCA_013036365.1
Basidiomycota,GCA_019190495.1
Basidiomycota,GCA_019802805.1
Basidiomycota,GCA_019189975.1
Basidiomycota,GCA_012922695.1
Basidiomycota,GCA_019802895.1
Basidiomycota,GCA_013036735.1
Basidiomycota,GCA_013036305.1
Basidiomycota,GCA_013036615.1
Basidiomycota,GCA_019190805.1
Basidiomycota,GCA_019802905.1
Basidiomycota,GCA_013036595.1
Basidiomycota,GCA_013036715.1
Basidiomycota,GCA_013030385.1
Basidiomycota,GCA_013036955.1
Basidiomycota,GCA_013030395.1
Basidiomycota,GCA_013036755.1
Basidiomycota,GCA_013036895.1
Basidiomycota,GCA_019190625.1
Basidiomycota,GCA_019190905.1
Basidiomycota,GCA_019190145.1
Basidiomycota,GCA_018687845.1
Basidiomycota,GCA_019671035.1
Basidiomycota,GCA_012922765.1
Basidiomycota,GCA_012922825.1
Basidiomycota,GCA_019190795.1
Basidiomycota,GCA_036320835.1
Basidiomycota,GCA_019190235.1
Basidiomycota,GCA_019190245.1
Basidiomycota,GCA_019190375.1
Basidiomycota,GCA_013036515.1
Basidiomycota,GCA_019190745.1
Basidiomycota,GCA_019189995.1
Basidiomycota,GCA_019190705.1
Basidiomycota,GCA_012922805.1
Basidiomycota,GCA_019190265.1
Basidiomycota,GCA_025502745.1
Basidiomycota,GCA_013030415.1
Basidiomycota,GCA_019802825.1
Basidiomycota,GCA_013036355.1
Basidiomycota,GCA_013036835.1
Basidiomycota,GCA_013036665.1
Basidiomycota,GCA_019190125.1
Basidiomycota,GCA_013036385.1
Basidiomycota,GCA_012922835.1
Basidiomycota,GCA_019802915.1
Basidiomycota,GCA_025502945.1
Basidiomycota,GCA_019805405.1
Basidiomycota,GCA_019190365.1
Basidiomycota,GCA_019190385.1
Basidiomycota,GCA_013036525.1
Basidiomycota,GCA_012922725.1
Basidiomycota,GCA_019802925.1
Basidiomycota,GCA_013036445.1
Basidiomycota,GCA_013030405.1
Basidiomycota,GCA_002250355.1
Basidiomycota,GCA_019802815.1
Basidiomycota,GCA_024184655.1
Basidiomycota,GCA_032719295.1
Basidiomycota,GCA_037040695.1
Basidiomycota,GCA_016584205.1
Basidiomycota,GCA_023628195.1
Basidiomycota,GCA_019303655.1
Basidiomycota,GCA_002806785.1
Basidiomycota,GCA_000931965.1
Basidiomycota,GCA_019803015.1
Basidiomycota,GCA_921037615.3
Basidiomycota,GCA_037126585.1
Basidiomycota,GCA_037126745.1
Basidiomycota,GCA_000988875.2
Basidiomycota,GCA_001255795.1
Basidiomycota,GCA_023968905.1
Basidiomycota,GCA_034509285.1
Basidiomycota,GCA_037126565.1
Basidiomycota,GCA_029694785.1
Basidiomycota,GCA_007990605.1
Basidiomycota,GCA_001600155.1
Basidiomycota,GCA_001600215.1
Basidiomycota,GCA_001600115.1
Basidiomycota,GCA_001600135.1
Basidiomycota,GCA_003234015.1
Basidiomycota,GCA_001542305.1
Basidiomycota,GCA_001542265.1
Basidiomycota,GCA_035220585.1
Basidiomycota,GCA_023078535.2
Basidiomycota,GCA_024734855.1
Basidiomycota,GCA_000988805.1
Basidiomycota,GCA_005387725.1
Basidiomycota,GCA_016808315.1
Basidiomycota,GCA_000222205.2
Basidiomycota,GCA_000258745.1
Basidiomycota,GCA_033458335.1
Basidiomycota,GCA_028828615.1
Basidiomycota,GCA_005281665.1
Basidiomycota,GCA_029873615.1
Basidiomycota,GCA_019671115.1
Basidiomycota,GCA_015501985.1
Basidiomycota,GCA_022817825.1
Basidiomycota,GCA_002917965.1
Basidiomycota,GCA_019775595.1
Basidiomycota,GCA_019775605.1
Basidiomycota,GCA_019775375.1
Basidiomycota,GCA_019775385.1
Basidiomycota,GCA_026119225.1
Basidiomycota,GCA_947297645.1
Basidiomycota,GCA_030983975.1
Basidiomycota,GCA_920103735.2
Basidiomycota,GCA_001456015.1
Basidiomycota,GCA_937859235.1
Basidiomycota,GCA_937898295.1
Basidiomycota,GCA_963379285.1
Basidiomycota,GCA_004355085.1
Basidiomycota,GCA_029378245.1
Basidiomycota,GCA_963926505.1
Basidiomycota,GCA_022884055.1
Basidiomycota,GCA_003316435.1
Basidiomycota,GCA_015178965.1
Basidiomycota,GCA_015178925.1
Basidiomycota,GCA_022376545.1
Basidiomycota,GCA_022376525.1
Basidiomycota,GCA_022496215.1
Basidiomycota,GCA_022376555.1
Basidiomycota,GCA_022496225.1
Basidiomycota,GCA_025769875.1
Basidiomycota,GCA_003316425.1
Basidiomycota,GCA_003316565.1
Basidiomycota,GCA_003313715.1
Basidiomycota,GCA_003313725.1
Basidiomycota,GCA_003313875.1
Basidiomycota,GCA_004801975.1
Basidiomycota,GCA_963926515.1
Basidiomycota,GCA_000143185.2
Basidiomycota,GCF_000143185.2
Basidiomycota,GCA_014900015.1
Basidiomycota,GCA_024373065.1
Basidiomycota,GCA_001599475.1
Basidiomycota,GCA_009746505.1
Basidiomycota,GCA_009746475.1
Basidiomycota,GCA_009746485.1
Basidiomycota,GCA_019143605.1
Basidiomycota,GCA_019143275.1
Basidiomycota,GCA_019143295.1
Basidiomycota,GCA_019143235.1
Basidiomycota,GCA_019143255.1
Basidiomycota,GCA_019143565.1
Basidiomycota,GCA_019143385.1
Basidiomycota,GCA_019143365.1
Basidiomycota,GCA_019143355.1
Basidiomycota,GCA_019143345.1
Basidiomycota,GCA_019143055.1
Basidiomycota,GCA_019143245.1
Basidiomycota,GCA_019143615.1
Basidiomycota,GCA_019143575.1
Basidiomycota,GCA_019143625.1
Basidiomycota,GCA_019143375.1
Basidiomycota,GCA_019143045.1
Basidiomycota,GCA_009746445.1
Basidiomycota,GCA_019143065.1
Basidiomycota,GCA_019142965.1
Basidiomycota,GCA_019143085.1
Basidiomycota,GCA_019142975.1
Basidiomycota,GCA_019142955.1
Basidiomycota,GCA_019142945.1
Basidiomycota,GCA_019143075.1
Basidiomycota,GCA_023508785.1
Basidiomycota,GCA_023508725.1
Basidiomycota,GCA_003313685.1
Basidiomycota,GCA_001020605.1
Basidiomycota,GCA_029372045.1
Basidiomycota,GCA_037178675.1
Basidiomycota,GCA_000827425.1
Basidiomycota,GCA_910890315.1
Basidiomycota,GCA_019633565.1
Basidiomycota,GCA_000827415.1
Basidiomycota,GCA_019616975.1
Basidiomycota,GCA_019627725.1
Basidiomycota,GCA_019623665.1
Basidiomycota,GCA_019627685.1
Basidiomycota,GCA_019627745.1
Basidiomycota,GCA_019623675.1
Basidiomycota,GCA_019627755.1
Basidiomycota,GCA_019627735.1
Basidiomycota,GCA_000313545.1
Basidiomycota,GCA_003073295.1
Basidiomycota,GCA_000218685.1
Basidiomycota,GCF_000218685.1
Basidiomycota,GCA_000218725.1
Basidiomycota,GCA_002891385.1
Basidiomycota,GCA_002891375.1
Basidiomycota,GCA_015708795.1
Basidiomycota,GCA_001630475.1
Basidiomycota,GCA_001632355.1
Basidiomycota,GCA_018466975.1
Basidiomycota,GCA_003851025.1
Basidiomycota,GCF_003851025.1
Basidiomycota,GCA_009812315.1
Basidiomycota,GCA_002607745.1
Basidiomycota,GCA_000827215.1
Basidiomycota,GCA_005498985.1
Basidiomycota,GCF_005498985.1
Basidiomycota,GCA_001010845.1
Basidiomycota,GCA_900162835.1
Basidiomycota,GCA_928724755.1
Basidiomycota,GCA_001748505.1
Basidiomycota,GCA_023212695.1
Basidiomycota,GCA_000230245.1
Basidiomycota,GCA_928991175.1
Basidiomycota,GCA_000772675.1
Basidiomycota,GCA_023212615.1
Basidiomycota,GCA_900002365.1
Basidiomycota,GCA_023629955.1
Basidiomycota,GCA_001243155.1
Basidiomycota,GCA_010758995.1
Basidiomycota,GCA_016617785.1
Basidiomycota,GCA_037042985.1
Basidiomycota,GCA_022817875.1
Basidiomycota,GCA_001373355.1
Basidiomycota,GCA_000264905.1
Basidiomycota,GCF_000264905.1
Basidiomycota,GCA_000827255.1
Basidiomycota,GCA_016628565.1
Basidiomycota,GCA_016758785.1
Basidiomycota,GCF_016758785.1
Basidiomycota,GCA_016800925.1
Basidiomycota,GCA_011800875.2
Basidiomycota,GCA_016647635.1
Basidiomycota,GCF_016647635.1
Basidiomycota,GCA_016647685.1
Basidiomycota,GCA_016647745.1
Basidiomycota,GCF_016647745.1
Basidiomycota,GCA_016647785.1
Basidiomycota,GCF_016647785.1
Basidiomycota,GCA_016647755.1
Basidiomycota,GCA_016758755.1
Basidiomycota,GCF_016758755.1
Basidiomycota,GCA_016758765.1
Basidiomycota,GCA_016628075.1
Basidiomycota,GCF_016628075.1
Basidiomycota,GCA_016758775.1
Basidiomycota,GCF_016758775.1
Basidiomycota,GCA_016647625.1
Basidiomycota,GCF_016647625.1
Basidiomycota,GCA_016628065.1
Basidiomycota,GCA_016647645.1
Basidiomycota,GCA_016584345.1
Basidiomycota,GCA_016628085.1
Basidiomycota,GCA_016695485.1
Basidiomycota,GCA_016767475.1
Basidiomycota,GCA_016695465.1
Basidiomycota,GCA_016695475.1
Basidiomycota,GCA_003313855.1
Basidiomycota,GCA_003316505.1
Basidiomycota,GCA_003313085.1
Basidiomycota,GCA_003313645.1
Basidiomycota,GCA_003144125.1
Basidiomycota,GCA_015956445.1
Basidiomycota,GCA_014904855.1
Basidiomycota,GCA_003316405.1
Basidiomycota,GCA_000711695.1
Basidiomycota,GCF_000711695.1
Basidiomycota,GCA_003144115.1
Basidiomycota,GCF_003144115.1
Basidiomycota,GCA_001302255.2
Basidiomycota,GCA_000271585.1
Basidiomycota,GCF_000271585.1
Basidiomycota,GCA_008973685.1
Basidiomycota,GCA_022606055.1
Basidiomycota,GCA_000765035.1
Basidiomycota,GCA_002092935.1
Basidiomycota,GCA_022606195.1
Basidiomycota,GCA_022606255.1
Basidiomycota,GCA_022606215.1
Basidiomycota,GCA_002964805.2
Basidiomycota,GCA_025528855.1
Basidiomycota,GCA_022606155.1
Basidiomycota,GCA_022385765.1
Basidiomycota,GCA_001304625.1
Basidiomycota,GCA_029747595.1
Basidiomycota,GCA_001895945.1
Basidiomycota,GCA_033439235.1
Basidiomycota,GCA_025201895.1
Basidiomycota,GCA_027596045.1
Basidiomycota,GCA_030411785.1
Basidiomycota,GCA_000787515.1
Basidiomycota,GCA_001939255.1
Basidiomycota,GCA_037041555.1
Basidiomycota,GCA_022385755.1
Basidiomycota,GCA_032768795.1
Basidiomycota,GCA_000271645.1
Basidiomycota,GCF_000271645.1
Basidiomycota,GCA_024343385.1
Basidiomycota,GCA_032464415.1
Basidiomycota,GCA_032767855.1
Basidiomycota,GCA_030708415.1
Basidiomycota,GCA_024343405.1
Basidiomycota,GCA_000987905.1
Basidiomycota,GCA_004117975.1
Basidiomycota,GCA_910574555.1
Basidiomycota,GCA_029959215.1
Basidiomycota,GCA_026075535.2
Basidiomycota,GCA_003313625.1
Basidiomycota,GCA_003316345.1
Basidiomycota,GCA_003313805.1
Basidiomycota,GCA_018854895.1
Basidiomycota,GCA_003521275.1
Basidiomycota,GCA_003314665.1
Basidiomycota,GCA_026213095.1
Basidiomycota,GCA_002939025.2
Basidiomycota,GCA_003314635.1
Basidiomycota,GCA_001652835.1
Basidiomycota,GCA_014904895.1
Basidiomycota,GCA_003313665.1
Basidiomycota,GCA_000293215.1
Basidiomycota,GCF_000293215.1
Basidiomycota,GCA_001752585.1
Basidiomycota,GCA_001752605.1
Basidiomycota,GCA_001752625.1
Basidiomycota,GCA_001752645.1
Basidiomycota,GCA_030347605.1
Basidiomycota,GCA_023630055.1
Basidiomycota,GCA_025529325.1
Basidiomycota,GCA_025529315.1
Basidiomycota,GCA_025529565.1
Basidiomycota,GCA_001972365.1
Basidiomycota,GCA_037177845.1
Basidiomycota,GCA_023630135.1
Basidiomycota,GCA_037044125.1
Basidiomycota,GCA_025529955.1
Basidiomycota,GCA_023630015.1
Basidiomycota,GCA_023630075.1
Basidiomycota,GCA_023630035.1
Basidiomycota,GCA_037041105.1
Basidiomycota,GCA_000299215.2
Basidiomycota,GCA_004023515.1
Basidiomycota,GCA_004011275.1
Basidiomycota,GCA_023627855.1
Basidiomycota,GCA_009833065.1
Basidiomycota,GCA_023627895.1
Basidiomycota,GCA_025502605.1
Basidiomycota,GCA_025502615.1
Basidiomycota,GCA_004026345.1
Basidiomycota,GCA_000827465.1
Basidiomycota,GCA_019633535.1
Basidiomycota,GCA_019632275.1
Basidiomycota,GCA_019633425.1
Basidiomycota,GCA_019633485.1
Basidiomycota,GCA_019632285.1
Basidiomycota,GCA_019633595.1
Basidiomycota,GCA_019632265.1
Basidiomycota,GCA_019632305.1
Basidiomycota,GCA_019633455.1
Basidiomycota,GCA_019633495.1
Basidiomycota,GCA_019632295.1
Basidiomycota,GCA_019633465.1
Basidiomycota,GCA_019633405.1
Basidiomycota,GCA_019633555.1
Basidiomycota,GCA_019633545.1
Basidiomycota,GCA_928724795.1
Basidiomycota,GCA_928724875.1
Basidiomycota,GCA_900080155.1
Basidiomycota,GCA_000328475.2
Basidiomycota,GCF_000328475.2
Basidiomycota,GCA_019972555.1
Basidiomycota,GCA_020827535.1
Basidiomycota,GCA_900519145.1
Basidiomycota,GCF_900519145.1
Basidiomycota,GCA_928865425.1
Basidiomycota,GCA_900242695.1
Basidiomycota,GCA_900323505.1
Basidiomycota,GCA_022963115.1
Basidiomycota,GCA_022963125.1
Basidiomycota,GCA_022963135.1
Basidiomycota,GCA_024271935.1
Basidiomycota,GCA_928869825.1
Basidiomycota,GCA_928722275.1
Basidiomycota,GCA_928856705.1
Basidiomycota,GCA_900242705.1
Basidiomycota,GCA_928722295.1
Basidiomycota,GCA_022749175.1
Basidiomycota,GCA_016617945.1
Basidiomycota,GCA_016617935.1
Basidiomycota,GCA_023748725.1
Basidiomycota,GCA_023748765.1
Basidiomycota,GCA_023748735.1
Basidiomycota,GCA_023748715.1
Basidiomycota,GCA_023748825.1
Basidiomycota,GCA_928722285.1
Basidiomycota,GCA_928722245.1
Basidiomycota,GCA_928722265.1
Basidiomycota,GCA_928743665.1
Basidiomycota,GCA_001599495.1
Basidiomycota,GCA_018154835.1
Basidiomycota,GCA_018154565.1
Basidiomycota,GCA_018154495.1
Basidiomycota,GCA_018154895.1
Basidiomycota,GCA_018154095.1
Basidiomycota,GCA_018154295.1
Basidiomycota,GCA_018154185.1
Basidiomycota,GCA_018154205.1
Basidiomycota,GCA_023212765.1
Basidiomycota,GCA_018154395.1
Basidiomycota,GCA_018154425.1
Basidiomycota,GCA_018153955.1
Basidiomycota,GCA_018153985.1
Basidiomycota,GCA_018154105.1
Basidiomycota,GCA_018154715.1
Basidiomycota,GCA_018154645.1
Basidiomycota,GCA_018154385.1
Basidiomycota,GCA_018154595.1
Basidiomycota,GCA_018154905.1
Basidiomycota,GCA_018154685.1
Basidiomycota,GCA_018154035.1
Basidiomycota,GCA_018154785.1
Basidiomycota,GCA_018154945.1
Basidiomycota,GCA_001736215.1
Basidiomycota,GCA_001736185.1
Basidiomycota,GCA_001662005.1
Basidiomycota,GCA_001660065.1
Basidiomycota,GCA_001736155.1
Basidiomycota,GCA_013387245.1
Basidiomycota,GCA_013387255.1
Basidiomycota,GCA_000819925.1
Basidiomycota,GCA_003012045.1
Basidiomycota,GCA_002992925.1
Basidiomycota,GCA_900519155.1
Basidiomycota,GCA_900101485.1
Basidiomycota,GCA_023212755.1
Basidiomycota,GCA_000286035.1
Basidiomycota,GCA_001736195.1
Basidiomycota,GCA_001676635.1
Basidiomycota,GCA_033846815.1
Basidiomycota,GCA_928724775.1
Basidiomycota,GCA_002993085.1
Basidiomycota,GCA_001735935.1
Basidiomycota,GCA_001654535.1
Basidiomycota,GCA_023213265.1
Basidiomycota,GCA_001736075.1
Basidiomycota,GCA_022160365.1
Basidiomycota,GCA_003144235.1
Basidiomycota,GCA_951802395.1
Basidiomycota,GCA_000349905.1
Basidiomycota,GCA_001691835.3
Basidiomycota,GCA_000355865.1
Basidiomycota,GCA_951802405.1
Basidiomycota,GCA_000263375.1
Basidiomycota,GCF_000263375.1
Basidiomycota,GCA_000400465.1
Basidiomycota,GCF_000400465.1
Basidiomycota,GCA_004918325.1
Basidiomycota,GCA_004918485.1
Basidiomycota,GCA_004918075.1
Basidiomycota,GCA_004918905.1
Basidiomycota,GCA_004917925.1
Basidiomycota,GCA_004918925.1
Basidiomycota,GCA_004918805.1
Basidiomycota,GCA_004918835.1
Basidiomycota,GCA_004918635.1
Basidiomycota,GCA_004918645.1
Basidiomycota,GCA_004918985.1
Basidiomycota,GCA_004918605.1
Basidiomycota,GCA_004917975.1
Basidiomycota,GCA_004918025.1
Basidiomycota,GCA_004917935.1
Basidiomycota,GCA_004918155.1
Basidiomycota,GCA_004918915.1
Basidiomycota,GCA_004918005.1
Basidiomycota,GCA_004918795.1
Basidiomycota,GCA_004919005.1
Basidiomycota,GCA_004917965.1
Basidiomycota,GCA_004918515.1
Basidiomycota,GCA_004918665.1
Basidiomycota,GCA_004918525.1
Basidiomycota,GCA_004918995.1
Basidiomycota,GCA_004918725.1
Basidiomycota,GCA_004917865.1
Basidiomycota,GCA_004918305.1
Basidiomycota,GCA_004918405.1
Basidiomycota,GCA_004918655.1
Basidiomycota,GCA_004918735.1
Basidiomycota,GCA_004918885.1
Basidiomycota,GCA_004918235.1
Basidiomycota,GCA_004918455.1
Basidiomycota,GCA_004917895.1
Basidiomycota,GCA_004918445.1
Basidiomycota,GCA_004918315.1
Basidiomycota,GCA_004917845.1
Basidiomycota,GCA_004918895.1
Basidiomycota,GCA_004918015.1
Basidiomycota,GCA_004918065.1
Basidiomycota,GCA_004918625.1
Basidiomycota,GCA_004918345.1
Basidiomycota,GCA_004918745.1
Basidiomycota,GCA_004918415.1
Basidiomycota,GCA_004918335.1
Basidiomycota,GCA_004918755.1
Basidiomycota,GCA_029448655.1
Basidiomycota,GCA_034769205.1
Basidiomycota,GCA_022575935.1
Basidiomycota,GCA_029449265.1
Basidiomycota,GCA_029449215.1
Basidiomycota,GCA_000344635.1
Basidiomycota,GCA_003316335.1
