ID,Classification,Host
Fusarium_vanettenii_77-13-4,Fungi,Ascomycota
CACQ02007842.1_2_,Fungi,Ascomycota
Colletotrichum_higginsianum,Fungi,Ascomycota
Pyrenophora_seminiperda_CCB06,Fungi,Ascomycota
BAUL01000135.1_185_,Fungi,Ascomycota
Paecilomyces_variotii_No._5,Fungi,Ascomycota
Ustilaginoidea_virens,Fungi,Ascomycota
Fusarium_avenaceum,Fungi,Ascomycota
JUJX01000382.1_2_,Fungi,Ascomycota
Exophiala_spinifera,Fungi,Ascomycota
Ustilaginoidea_virens_2,Fungi,Ascomycota
Trichoderma_gamsii,Fungi,Ascomycota
LOQJ01002820.1_1_,Fungi,Ascomycota
Stagonospora_sp._SRC1lsM3a,Fungi,Ascomycota
Stagonospora_sp._SRC1lsM3a_2,Fungi,Ascomycota
AEIW01000157.1_4_,Fungi,Ascomycota
LSBH01000014.1_194_,Fungi,Ascomycota
LSBH01000026.1_90_,Fungi,Ascomycota
LSBI01000030.1_102_,Fungi,Ascomycota
LSBI01000158.1_1_,Fungi,Ascomycota
Colletotrichum_higginsianum_IMI_349063,Fungi,Ascomycota
JTCZ01002698.1_1_,Fungi,Ascomycota
KV880671.1_124_,Fungi,Ascomycota
LNTI01004140.1_1_,Fungi,Ascomycota
LNTN01005886.1_1_,Fungi,Ascomycota
LECP01000355.1_1_,Fungi,Ascomycota
NAPT01000186.1_11_,Fungi,Ascomycota
MWMN01000514.1_1_,Fungi,Ascomycota
LUFD01004626.1_1_,Fungi,Ascomycota
Tuber_borchii,Fungi,Ascomycota
Tuber_borchii_2,Fungi,Ascomycota
Tuber_borchii_3,Fungi,Ascomycota
QEIL01000302.1_16_,Fungi,Ascomycota
QPHH01004803.1_1_,Fungi,Ascomycota
Fusarium_kuroshium,Fungi,Ascomycota
Choiromyces_venosus_120613-1,Fungi,Ascomycota
Fusarium_oligoseptatum,Fungi,Ascomycota
RAXF01000193.1_2_,Fungi,Ascomycota
RAXN01000241.1_1_,Fungi,Ascomycota
Fusarium_euwallaceae,Fungi,Ascomycota
Fusarium_euwallaceae_2,Fungi,Ascomycota
PQXH01000333.1_13_,Fungi,Ascomycota
PQXH01000333.1_16_,Fungi,Ascomycota
Botrytis_tulipae,Fungi,Ascomycota
PQXL01000533.1_21_,Fungi,Ascomycota
Botrytis_galanthina,Fungi,Ascomycota
RAJC01000619.1_3_,Fungi,Ascomycota
RAJC01000619.1_4_,Fungi,Ascomycota
RALM01000484.1_3_,Fungi,Ascomycota
RALM01000484.1_4_,Fungi,Ascomycota
RAOG01000585.1_1_,Fungi,Ascomycota
RAOG01000585.1_4_,Fungi,Ascomycota
RAOG01000585.1_6_,Fungi,Ascomycota
RAOK01000657.1_3_,Fungi,Ascomycota
RAOK01000657.1_4_,Fungi,Ascomycota
RAOS01000772.1_3_,Fungi,Ascomycota
RAOS01000772.1_4_,Fungi,Ascomycota
RAOV01000105.1_2_,Fungi,Ascomycota
RAOV01000105.1_3_,Fungi,Ascomycota
RAPA01000131.1_3_,Fungi,Ascomycota
RAPA01000131.1_4_,Fungi,Ascomycota
RAOZ01000126.1_2_,Fungi,Ascomycota
RAOZ01000126.1_5_,Fungi,Ascomycota
RAPC01000183.1_3_,Fungi,Ascomycota
RAPC01000211.1_1_,Fungi,Ascomycota
ML977323.1_797_,Fungi,Ascomycota
Lophiotrema_nucula,Fungi,Ascomycota
Zopfia_rhizophila_CBS_207.26,Fungi,Ascomycota
WJIA01001074.1_2_,Fungi,Ascomycota
MU004554.1_5_,Fungi,Ascomycota
Lophiostoma_macrostomum_CBS_122681,Fungi,Ascomycota
WEUB01003057.1_1_,Fungi,Ascomycota
Fusarium_avenaceum_2,Fungi,Ascomycota
VCRI01000903.1_3_,Fungi,Ascomycota
JABVYZ010000532.1_1_,Fungi,Ascomycota
JABFFI010000555.1_86_,Fungi,Ascomycota
Tuber_brumale,Fungi,Ascomycota
Tuber_brumale_2,Fungi,Ascomycota
Tuber_brumale_3,Fungi,Ascomycota
Tuber_brumale_4,Fungi,Ascomycota
Tuber_brumale_5,Fungi,Ascomycota
Tuber_indicum,Fungi,Ascomycota
Colletotrichum_musicola,Fungi,Ascomycota
Colletotrichum_sojae,Fungi,Ascomycota
JAAVUF010001617.1_1_,Fungi,Ascomycota
JAAVUF010001922.1_2_,Fungi,Ascomycota
Trichophaea_hybrida,Fungi,Ascomycota
Terfezia_claveryi,Fungi,Ascomycota
Terfezia_claveryi_2,Fungi,Ascomycota
Terfezia_claveryi_3,Fungi,Ascomycota
Terfezia_claveryi_4,Fungi,Ascomycota
JAFFKB010000087.1_164_,Fungi,Ascomycota
JAFFKB010000087.1_165_,Fungi,Ascomycota
JAHXJL010000089.1_263_,Fungi,Ascomycota
JAIBPQ010000692.1_1_,Fungi,Ascomycota
JAIBQI010001067.1_2_,Fungi,Ascomycota
JAIBQT010000626.1_1_,Fungi,Ascomycota
JAIBRL010000421.1_1_,Fungi,Ascomycota
JAIBRR010002058.1_1_,Fungi,Ascomycota
JAIBTB010001302.1_1_,Fungi,Ascomycota
JAIBTE010000323.1_2_,Fungi,Ascomycota
JAIBUQ010000629.1_2_,Fungi,Ascomycota
JAIBVN010000928.1_2_,Fungi,Ascomycota
JAIBXL010000783.1_1_,Fungi,Ascomycota
Chaetomium_globosum,Fungi,Ascomycota
Truncatella_angustata,Fungi,Ascomycota
Truncatella_angustata_2,Fungi,Ascomycota
Fusarium_avenaceum_3,Fungi,Ascomycota
JAGTJQ010000002.1_5196_,Fungi,Ascomycota
JAGTJQ010000002.1_5262_,Fungi,Ascomycota
JAGTJQ010000002.1_5290_,Fungi,Ascomycota
JAGTJQ010000002.1_5317_,Fungi,Ascomycota
JAGTJQ010000002.1_5505_,Fungi,Ascomycota
Microdochium_trichocladiopsis,Fungi,Ascomycota
Microdochium_trichocladiopsis_2,Fungi,Ascomycota
Microdochium_trichocladiopsis_3,Fungi,Ascomycota
Microdochium_trichocladiopsis_4,Fungi,Ascomycota
Microdochium_trichocladiopsis_5,Fungi,Ascomycota
Dactylonectria_macrodidyma,Fungi,Ascomycota
Dactylonectria_macrodidyma_2,Fungi,Ascomycota
Fusarium_oxysporum,Fungi,Ascomycota
Fusarium_tricinctum,Fungi,Ascomycota
Plectosphaerella_cucumerina,Fungi,Ascomycota
Truncatella_angustata_3,Fungi,Ascomycota
Truncatella_angustata_4,Fungi,Ascomycota
Talaromyces_proteolyticus,Fungi,Ascomycota
Leptodontidium_sp._2_PMI_412,Fungi,Ascomycota
Thozetella_sp._PMI_491,Fungi,Ascomycota
Colletotrichum_liriopes,Fungi,Ascomycota
BQKT01000571.1_1_,Fungi,Ascomycota
BQKU01000514.1_1_,Fungi,Ascomycota
Camillea_tinctor,Fungi,Ascomycota
Xylaria_arbuscula,Fungi,Ascomycota
Biscogniauxia_marginata,Fungi,Ascomycota
Pyrenophora_tritici-repentis,Fungi,Ascomycota
JAJMXG010004481.1_1_,Fungi,Ascomycota
JAJMXU010000640.1_1_,Fungi,Ascomycota
JAJNKG010002113.1_1_,Fungi,Ascomycota
JAJNKG010003994.1_1_,Fungi,Ascomycota
JAJNKL010003015.1_1_,Fungi,Ascomycota
JAJNKW010003040.1_1_,Fungi,Ascomycota
JAJNLY010004080.1_1_,Fungi,Ascomycota
BQKX01000002.1_2190_,Fungi,Ascomycota
BQKX01000002.1_2252_,Fungi,Ascomycota
BQKX01000002.1_2717_,Fungi,Ascomycota
BQKX01000008.1_1309_,Fungi,Ascomycota
BQKX01000008.1_1340_,Fungi,Ascomycota
BQKX01000008.1_1355_,Fungi,Ascomycota
BQKX01000008.1_1397_,Fungi,Ascomycota
Fusarium_oxysporum_f._sp._albedinis,Fungi,Ascomycota
JAMAKM010000610.1_4_,Fungi,Ascomycota
JAMAKJ010000671.1_1_,Fungi,Ascomycota
JAMQMV010000148.1_5_,Fungi,Ascomycota
Peziza_echinospora,Fungi,Ascomycota
Morchella_snyderi,Fungi,Ascomycota
JANAYP010000361.1_1_,Fungi,Ascomycota
Fusarium_sp._LHS14.1,Fungi,Ascomycota
JAMFQU010000791.1_4_,Fungi,Ascomycota
Fusarium_oxysporum_f._sp._albedinis_2,Fungi,Ascomycota
JAOXNK010003711.1_2_,Fungi,Ascomycota
Penicillium_angulare,Fungi,Ascomycota
JANSLN010000007.1_1140_,Fungi,Ascomycota
Sclerotinia_nivalis,Fungi,Ascomycota
JAQYUB010001389.1_21_,Fungi,Ascomycota
JAQYUB010001557.1_4_,Fungi,Ascomycota
JAQYTZ010000266.1_1174_,Fungi,Ascomycota
JAQYUA010000246.1_1_,Fungi,Ascomycota
JAQYUC010000395.1_21_,Fungi,Ascomycota
JAQYUC010002921.1_2_,Fungi,Ascomycota
JAQYUD010001425.1_4_,Fungi,Ascomycota
JAQYUD010001451.1_12_,Fungi,Ascomycota
JAQYUE010001439.1_4_,Fungi,Ascomycota
JAQYUE010001647.1_21_,Fungi,Ascomycota
JAQYUF010002496.1_2_,Fungi,Ascomycota
JAQYUF010003121.1_25_,Fungi,Ascomycota
JAQYUG010000420.1_21_,Fungi,Ascomycota
JAQYUG010003278.1_1_,Fungi,Ascomycota
JAQYUH010000413.1_21_,Fungi,Ascomycota
JAQYUH010003119.1_2_,Fungi,Ascomycota
JAQYUI010000387.1_21_,Fungi,Ascomycota
JAQYUI010002905.1_2_,Fungi,Ascomycota
JAQYUJ010000361.1_21_,Fungi,Ascomycota
JAQYUJ010002679.1_2_,Fungi,Ascomycota
JAQYUK010002403.1_2_,Fungi,Ascomycota
JAQYUK010002840.1_21_,Fungi,Ascomycota
JAQYUL010000381.1_21_,Fungi,Ascomycota
JAQYUL010002697.1_1_,Fungi,Ascomycota
JAQYUM010000376.1_21_,Fungi,Ascomycota
JAQYUM010002890.1_2_,Fungi,Ascomycota
JAPHBC010000361.1_2_,Fungi,Ascomycota
JAPHBK010000255.1_1_,Fungi,Ascomycota
JAPHDE010002223.1_1_,Fungi,Ascomycota
JAPHDX010002639.1_1_,Fungi,Ascomycota
JAPHDW010000787.1_2_,Fungi,Ascomycota
JAPHED010002802.1_1_,Fungi,Ascomycota
JAPFRZ010000942.1_2_,Fungi,Ascomycota
JAPFRL010000003.1_1_,Fungi,Ascomycota
JARJUD010000963.1_1_,Fungi,Ascomycota
JARJTH010000902.1_1_,Fungi,Ascomycota
JAPHDI010000240.1_2_,Fungi,Ascomycota
JAVIXY010000500.1_1_,Fungi,Ascomycota
Podospora_aff._communis_PSN243,Fungi,Ascomycota
Podospora_aff._communis_PSN243_2,Fungi,Ascomycota
Podospora_aff._communis_PSN243_3,Fungi,Ascomycota
Colletotrichum_destructivum,Fungi,Ascomycota
JAXQHO010003282.1_1_,Fungi,Ascomycota
CM074162.1_3975_,Fungi,Ascomycota
JBANFB010000008.1_703_,Fungi,Ascomycota
JBANFB010000008.1_809_,Fungi,Ascomycota
JBANFB010000008.1_837_,Fungi,Ascomycota
JBANFB010000008.1_933_,Fungi,Ascomycota
CM074156.1_3981_,Fungi,Ascomycota
JBANFA010000011.1_598_,Fungi,Ascomycota
JBANFA010000011.1_704_,Fungi,Ascomycota
JBANFA010000011.1_731_,Fungi,Ascomycota
JBANFA010000011.1_827_,Fungi,Ascomycota
Fusarium_sp._VM40,Fungi,Ascomycota
CAXBDF010000014.1_212_,Fungi,Ascomycota
Fusarium_vanettenii_77-13-4_2,Fungi,Ascomycota
Ustilaginoidea_virens_3,Fungi,Ascomycota
Exophiala_spinifera_2,Fungi,Ascomycota
Trichoderma_gamsii_2,Fungi,Ascomycota
Colletotrichum_higginsianum_IMI_349063_2,Fungi,Ascomycota
Truncatella_angustata_5,Fungi,Ascomycota
Truncatella_angustata_6,Fungi,Ascomycota
NW_025763545.1_5196_,Fungi,Ascomycota
NW_025763545.1_5262_,Fungi,Ascomycota
NW_025763545.1_5290_,Fungi,Ascomycota
NW_025763545.1_5317_,Fungi,Ascomycota
NW_025763545.1_5505_,Fungi,Ascomycota
Microdochium_trichocladiopsis_6,Fungi,Ascomycota
Microdochium_trichocladiopsis_7,Fungi,Ascomycota
Microdochium_trichocladiopsis_8,Fungi,Ascomycota
Microdochium_trichocladiopsis_9,Fungi,Ascomycota
Microdochium_trichocladiopsis_10,Fungi,Ascomycota
Talaromyces_proteolyticus_2,Fungi,Ascomycota
Penicillium_angulare_2,Fungi,Ascomycota
Colletotrichum_destructivum_2,Fungi,Ascomycota
SSNC01000001.1_5_,Fungi,Basidiomycota
JAROAW010000022.1_19_,Fungi,Basidiomycota
Amanita_inopinata_Kibby_2008,Fungi,Basidiomycota
Amanita_phalloides,Fungi,Basidiomycota
JAEBUP010000024.1_138_,Fungi,Basidiomycota
JAEBUP010000031.1_402_,Fungi,Basidiomycota
JAEBUP010000035.1_200_,Fungi,Basidiomycota
JAEBUP010000038.1_587_,Fungi,Basidiomycota
JAEBUT010000042.1_18_,Fungi,Basidiomycota
Amanita_brunnescens_Koide_BX004,Fungi,Basidiomycota
QFEM01005849.1_11_,Fungi,Basidiomycota
QFEF01003425.1_1_,Fungi,Basidiomycota
QFEF01005774.1_13_,Fungi,Basidiomycota
QFEF01005774.1_14_,Fungi,Basidiomycota
Boletus_reticuloceps,Fungi,Basidiomycota
JAGTXK010000147.1_1_,Fungi,Basidiomycota
JAGTXK010000147.1_2_,Fungi,Basidiomycota
QFEJ01003336.1_6_,Fungi,Basidiomycota
QFEJ01003336.1_7_,Fungi,Basidiomycota
JAIQWV010000213.1_31_,Fungi,Basidiomycota
JAIQWV010000213.1_32_,Fungi,Basidiomycota
JAIQWV010000415.1_5_,Fungi,Basidiomycota
JAIQWV010000415.1_6_,Fungi,Basidiomycota
WSLO01000143.1_19_,Fungi,Basidiomycota
WSLO01000286.1_7_,Fungi,Basidiomycota
WSLO01000477.1_13_,Fungi,Basidiomycota
WSLO01000682.1_12_,Fungi,Basidiomycota
WSLO01000737.1_10_,Fungi,Basidiomycota
WSLO01004276.1_1_,Fungi,Basidiomycota
WSLO01008649.1_1_,Fungi,Basidiomycota
WSLO01008865.1_2_,Fungi,Basidiomycota
Ceratobasidium_sp._395,Fungi,Basidiomycota
WSLM01000173.1_5_,Fungi,Basidiomycota
WSLM01000265.1_16_,Fungi,Basidiomycota
WSLM01000542.1_11_,Fungi,Basidiomycota
WSLM01000641.1_1_,Fungi,Basidiomycota
WSLM01000737.1_1_,Fungi,Basidiomycota
WSLM01000750.1_7_,Fungi,Basidiomycota
WSLM01000968.1_10_,Fungi,Basidiomycota
WSLM01001002.1_6_,Fungi,Basidiomycota
WSLM01001054.1_1_,Fungi,Basidiomycota
WSLM01001099.1_1_,Fungi,Basidiomycota
WSLM01001197.1_8_,Fungi,Basidiomycota
WSLM01001381.1_10_,Fungi,Basidiomycota
WSLM01001416.1_6_,Fungi,Basidiomycota
WSLM01001428.1_1_,Fungi,Basidiomycota
WSLM01001516.1_1_,Fungi,Basidiomycota
WSLM01001637.1_1_,Fungi,Basidiomycota
WSLM01001678.1_1_,Fungi,Basidiomycota
WSLM01001716.1_9_,Fungi,Basidiomycota
WSLM01001720.1_7_,Fungi,Basidiomycota
WSLM01001765.1_6_,Fungi,Basidiomycota
WSLM01001860.1_9_,Fungi,Basidiomycota
WSLM01001869.1_8_,Fungi,Basidiomycota
WSLM01001880.1_5_,Fungi,Basidiomycota
WSLM01001903.1_5_,Fungi,Basidiomycota
WSLM01001999.1_8_,Fungi,Basidiomycota
WSLM01002024.1_10_,Fungi,Basidiomycota
WSLM01002025.1_3_,Fungi,Basidiomycota
WSLM01002232.1_1_,Fungi,Basidiomycota
WSLM01002318.1_1_,Fungi,Basidiomycota
WSLM01002433.1_7_,Fungi,Basidiomycota
WSLM01002501.1_9_,Fungi,Basidiomycota
WSLM01002508.1_5_,Fungi,Basidiomycota
WSLM01002545.1_8_,Fungi,Basidiomycota
WSLM01002573.1_8_,Fungi,Basidiomycota
WSLM01002695.1_4_,Fungi,Basidiomycota
WSLM01002708.1_1_,Fungi,Basidiomycota
WSLM01002758.1_7_,Fungi,Basidiomycota
WSLM01002824.1_6_,Fungi,Basidiomycota
WSLM01002894.1_1_,Fungi,Basidiomycota
WSLM01002936.1_8_,Fungi,Basidiomycota
WSLM01002954.1_2_,Fungi,Basidiomycota
WSLM01002973.1_7_,Fungi,Basidiomycota
WSLM01002978.1_7_,Fungi,Basidiomycota
WSLM01003093.1_6_,Fungi,Basidiomycota
WSLM01003286.1_1_,Fungi,Basidiomycota
WSLM01003292.1_1_,Fungi,Basidiomycota
WSLM01003316.1_2_,Fungi,Basidiomycota
WSLM01003347.1_5_,Fungi,Basidiomycota
WSLM01003359.1_2_,Fungi,Basidiomycota
WSLM01003369.1_7_,Fungi,Basidiomycota
WSLM01003402.1_1_,Fungi,Basidiomycota
WSLM01003407.1_3_,Fungi,Basidiomycota
WSLM01003592.1_1_,Fungi,Basidiomycota
WSLM01003626.1_6_,Fungi,Basidiomycota
WSLM01003641.1_2_,Fungi,Basidiomycota
Ceratobasidium_sp._414,Fungi,Basidiomycota
Ceratobasidium_sp._AG-Ba,Fungi,Basidiomycota
Ceratobasidium_sp._AG-Ba_2,Fungi,Basidiomycota
Ceratobasidium_sp._AG-Ba_3,Fungi,Basidiomycota
Ceratobasidium_sp._AG-Ba_4,Fungi,Basidiomycota
Ceratobasidium_sp._AG-Ba_5,Fungi,Basidiomycota
Ceratobasidium_sp._AG-Ba_6,Fungi,Basidiomycota
Ceratobasidium_sp._AG-Ba_7,Fungi,Basidiomycota
Ceratobasidium_sp._AG-Ba_8,Fungi,Basidiomycota
Ceratobasidium_sp._AG-Ba_9,Fungi,Basidiomycota
Ceratobasidium_sp._AG-Ba_10,Fungi,Basidiomycota
Ceratobasidium_sp._AG-Ba_11,Fungi,Basidiomycota
Ceratobasidium_sp._AG-Ba_12,Fungi,Basidiomycota
Ceratobasidium_sp._AG-Ba_13,Fungi,Basidiomycota
Ceratobasidium_sp._AG-Ba_14,Fungi,Basidiomycota
Ceratobasidium_sp._AG-Ba_15,Fungi,Basidiomycota
WSLM01003644.1_1_,Fungi,Basidiomycota
WSLM01003701.1_1_,Fungi,Basidiomycota
WSLM01003769.1_1_,Fungi,Basidiomycota
WSLM01003777.1_2_,Fungi,Basidiomycota
WSLM01003795.1_1_,Fungi,Basidiomycota
WSLM01003821.1_5_,Fungi,Basidiomycota
WSLM01003835.1_1_,Fungi,Basidiomycota
WSLM01003934.1_1_,Fungi,Basidiomycota
WSLM01003938.1_2_,Fungi,Basidiomycota
WSLM01003994.1_4_,Fungi,Basidiomycota
WSLM01004011.1_5_,Fungi,Basidiomycota
WSLM01004039.1_2_,Fungi,Basidiomycota
WSLM01004136.1_1_,Fungi,Basidiomycota
WSLM01004186.1_1_,Fungi,Basidiomycota
WSLM01004248.1_1_,Fungi,Basidiomycota
WSLM01004311.1_1_,Fungi,Basidiomycota
WSLM01004346.1_3_,Fungi,Basidiomycota
WSLM01004476.1_1_,Fungi,Basidiomycota
Ceratobasidium_sp._AG-Ba_16,Fungi,Basidiomycota
Ceratobasidium_sp._AG-Ba_17,Fungi,Basidiomycota
Ceratobasidium_sp._AG-Ba_18,Fungi,Basidiomycota
Ceratobasidium_sp._AG-Ba_19,Fungi,Basidiomycota
Ceratobasidium_sp._AG-Ba_20,Fungi,Basidiomycota
Ceratobasidium_sp._AG-Ba_21,Fungi,Basidiomycota
Ceratobasidium_sp._AG-Ba_22,Fungi,Basidiomycota
Ceratobasidium_sp._AG-Ba_23,Fungi,Basidiomycota
Ceratobasidium_sp._AG-Ba_24,Fungi,Basidiomycota
Ceratobasidium_sp._AG-Ba_25,Fungi,Basidiomycota
Ceratobasidium_sp._AG-Ba_26,Fungi,Basidiomycota
Ceratobasidium_sp._AG-Ba_27,Fungi,Basidiomycota
Ceratobasidium_sp._AG-Ba_28,Fungi,Basidiomycota
Ceratobasidium_sp._AG-Ba_29,Fungi,Basidiomycota
Ceratobasidium_sp._AG-Ba_30,Fungi,Basidiomycota
Ceratobasidium_sp._AG-Ba_31,Fungi,Basidiomycota
WSLM01004486.1_5_,Fungi,Basidiomycota
WSLM01004498.1_4_,Fungi,Basidiomycota
WSLM01004686.1_1_,Fungi,Basidiomycota
WSLM01004760.1_5_,Fungi,Basidiomycota
WSLM01004790.1_4_,Fungi,Basidiomycota
WSLM01004857.1_5_,Fungi,Basidiomycota
WSLM01004944.1_5_,Fungi,Basidiomycota
WSLM01004947.1_5_,Fungi,Basidiomycota
WSLM01004978.1_5_,Fungi,Basidiomycota
WSLM01005197.1_2_,Fungi,Basidiomycota
WSLM01005305.1_1_,Fungi,Basidiomycota
WSLM01005330.1_1_,Fungi,Basidiomycota
WSLM01005361.1_1_,Fungi,Basidiomycota
WSLM01005448.1_1_,Fungi,Basidiomycota
WSLM01005691.1_1_,Fungi,Basidiomycota
WSLM01005967.1_1_,Fungi,Basidiomycota
WSLM01006026.1_2_,Fungi,Basidiomycota
WSLM01006070.1_1_,Fungi,Basidiomycota
WSLM01006322.1_1_,Fungi,Basidiomycota
WSLN01000093.1_18_,Fungi,Basidiomycota
WSLN01000465.1_19_,Fungi,Basidiomycota
WSLN01000491.1_5_,Fungi,Basidiomycota
WSLN01000559.1_2_,Fungi,Basidiomycota
WSLN01000640.1_6_,Fungi,Basidiomycota
WSLN01000702.1_4_,Fungi,Basidiomycota
WSLN01000905.1_12_,Fungi,Basidiomycota
WSLN01000964.1_8_,Fungi,Basidiomycota
WSLN01001082.1_9_,Fungi,Basidiomycota
WSLN01001208.1_12_,Fungi,Basidiomycota
WSLN01001472.1_8_,Fungi,Basidiomycota
WSLN01001521.1_1_,Fungi,Basidiomycota
WSLN01001637.1_2_,Fungi,Basidiomycota
WSLN01001659.1_9_,Fungi,Basidiomycota
WSLN01001734.1_8_,Fungi,Basidiomycota
WSLN01001834.1_6_,Fungi,Basidiomycota
WSLN01001859.1_1_,Fungi,Basidiomycota
WSLN01001948.1_6_,Fungi,Basidiomycota
WSLN01001972.1_7_,Fungi,Basidiomycota
WSLN01002101.1_5_,Fungi,Basidiomycota
WSLN01002113.1_6_,Fungi,Basidiomycota
WSLN01002271.1_2_,Fungi,Basidiomycota
Ceratobasidium_sp._AG-Ba_32,Fungi,Basidiomycota
Ceratobasidium_sp._AG-Ba_33,Fungi,Basidiomycota
Ceratobasidium_sp._AG-Ba_34,Fungi,Basidiomycota
Ceratobasidium_sp._AG-Ba_35,Fungi,Basidiomycota
Ceratobasidium_sp._AG-Ba_36,Fungi,Basidiomycota
Ceratobasidium_sp._AG-Ba_37,Fungi,Basidiomycota
Ceratobasidium_sp._AG-Ba_38,Fungi,Basidiomycota
Ceratobasidium_sp._AG-Ba_39,Fungi,Basidiomycota
Ceratobasidium_sp._AG-Ba_40,Fungi,Basidiomycota
Ceratobasidium_sp._AG-Ba_41,Fungi,Basidiomycota
Ceratobasidium_sp._AG-Ba_42,Fungi,Basidiomycota
Ceratobasidium_sp._AG-Ba_43,Fungi,Basidiomycota
Ceratobasidium_sp._AG-Ba_44,Fungi,Basidiomycota
Ceratobasidium_sp._AG-Ba_45,Fungi,Basidiomycota
Ceratobasidium_sp._AG-Ba_46,Fungi,Basidiomycota
Ceratobasidium_sp._AG-Ba_47,Fungi,Basidiomycota
Ceratobasidium_sp._394,Fungi,Basidiomycota
WSLN01002458.1_3_,Fungi,Basidiomycota
WSLN01002501.1_8_,Fungi,Basidiomycota
WSLN01002927.1_1_,Fungi,Basidiomycota
WSLN01003454.1_3_,Fungi,Basidiomycota
WSLN01003525.1_6_,Fungi,Basidiomycota
WSLN01003568.1_4_,Fungi,Basidiomycota
WSLN01003637.1_4_,Fungi,Basidiomycota
WSLN01003804.1_2_,Fungi,Basidiomycota
WSLN01004058.1_5_,Fungi,Basidiomycota
WSLN01004164.1_3_,Fungi,Basidiomycota
WSLN01004196.1_1_,Fungi,Basidiomycota
WSLN01004314.1_4_,Fungi,Basidiomycota
WSLN01004378.1_2_,Fungi,Basidiomycota
WSLN01004678.1_1_,Fungi,Basidiomycota
WSLN01004705.1_1_,Fungi,Basidiomycota
WSLN01004839.1_5_,Fungi,Basidiomycota
WSLN01004860.1_1_,Fungi,Basidiomycota
WSLN01005067.1_2_,Fungi,Basidiomycota
WSLN01005390.1_1_,Fungi,Basidiomycota
Ceratobasidium_sp._AG-Ba_48,Fungi,Basidiomycota
Ceratobasidium_sp._AG-Ba_49,Fungi,Basidiomycota
Ceratobasidium_sp._AG-Ba_50,Fungi,Basidiomycota
Ceratobasidium_sp._AG-Ba_51,Fungi,Basidiomycota
Ceratobasidium_sp._AG-Ba_52,Fungi,Basidiomycota
Ceratobasidium_sp._AG-Ba_53,Fungi,Basidiomycota
Ceratobasidium_sp._AG-Ba_54,Fungi,Basidiomycota
WSLN01005917.1_1_,Fungi,Basidiomycota
WSLN01006447.1_2_,Fungi,Basidiomycota
WSLN01006450.1_1_,Fungi,Basidiomycota
WSLN01007549.1_1_,Fungi,Basidiomycota
WSLN01007766.1_1_,Fungi,Basidiomycota
WSLN01007839.1_1_,Fungi,Basidiomycota
WSLN01007991.1_1_,Fungi,Basidiomycota
WSLN01007993.1_2_,Fungi,Basidiomycota
WSLM01006507.1_1_,Fungi,Basidiomycota
WSLM01006523.1_1_,Fungi,Basidiomycota
WSLM01006524.1_3_,Fungi,Basidiomycota
WSLM01006526.1_3_,Fungi,Basidiomycota
WSLM01006601.1_2_,Fungi,Basidiomycota
WSLM01006631.1_1_,Fungi,Basidiomycota
WSLM01006634.1_1_,Fungi,Basidiomycota
WSLM01006687.1_3_,Fungi,Basidiomycota
WSLM01006745.1_2_,Fungi,Basidiomycota
WSLM01006781.1_2_,Fungi,Basidiomycota
WSLM01006892.1_1_,Fungi,Basidiomycota
WSLM01006909.1_1_,Fungi,Basidiomycota
WSLM01006954.1_1_,Fungi,Basidiomycota
WSLM01006967.1_2_,Fungi,Basidiomycota
WSLM01007071.1_2_,Fungi,Basidiomycota
WSLM01007121.1_1_,Fungi,Basidiomycota
WSLM01007180.1_1_,Fungi,Basidiomycota
WSLM01007192.1_2_,Fungi,Basidiomycota
WSLM01007230.1_3_,Fungi,Basidiomycota
Ceratobasidium_sp._428,Fungi,Basidiomycota
Ceratobasidium_sp._428_2,Fungi,Basidiomycota
Ceratobasidium_sp._AG-Ba_55,Fungi,Basidiomycota
Ceratobasidium_sp._AG-Ba_56,Fungi,Basidiomycota
Ceratobasidium_sp._AG-Ba_57,Fungi,Basidiomycota
Ceratobasidium_sp._AG-Ba_58,Fungi,Basidiomycota
Ceratobasidium_sp._AG-Ba_59,Fungi,Basidiomycota
Ceratobasidium_sp._AG-Ba_60,Fungi,Basidiomycota
Ceratobasidium_sp._AG-Ba_61,Fungi,Basidiomycota
Ceratobasidium_sp._AG-Ba_62,Fungi,Basidiomycota
Ceratobasidium_sp._AG-Ba_63,Fungi,Basidiomycota
Ceratobasidium_sp._AG-Ba_64,Fungi,Basidiomycota
Ceratobasidium_sp._AG-Ba_65,Fungi,Basidiomycota
Ceratobasidium_sp._AG-Ba_66,Fungi,Basidiomycota
Ceratobasidium_sp._AG-Ba_67,Fungi,Basidiomycota
Ceratobasidium_sp._AG-Ba_68,Fungi,Basidiomycota
Ceratobasidium_sp._AG-Ba_69,Fungi,Basidiomycota
Ceratobasidium_sp._AG-Ba_70,Fungi,Basidiomycota
Ceratobasidium_sp._AG-Ba_71,Fungi,Basidiomycota
Ceratobasidium_sp._AG-Ba_72,Fungi,Basidiomycota
Ceratobasidium_sp._AG-Ba_73,Fungi,Basidiomycota
Ceratobasidium_sp._AG-Ba_74,Fungi,Basidiomycota
Ceratobasidium_sp._AG-Ba_75,Fungi,Basidiomycota
Ceratobasidium_sp._AG-Ba_76,Fungi,Basidiomycota
Ceratobasidium_sp._AG-Ba_77,Fungi,Basidiomycota
Ceratobasidium_sp._AG-Ba_78,Fungi,Basidiomycota
Ceratobasidium_sp._AG-Ba_79,Fungi,Basidiomycota
Ceratobasidium_sp._AG-Ba_80,Fungi,Basidiomycota
Ceratobasidium_sp._AG-Ba_81,Fungi,Basidiomycota
Ceratobasidium_sp._AG-Ba_82,Fungi,Basidiomycota
Ceratobasidium_sp._AG-Ba_83,Fungi,Basidiomycota
Ceratobasidium_sp._AG-Ba_84,Fungi,Basidiomycota
Ceratobasidium_sp._AG-Ba_85,Fungi,Basidiomycota
Ceratobasidium_sp._AG-Ba_86,Fungi,Basidiomycota
Ceratobasidium_sp._AG-Ba_87,Fungi,Basidiomycota
Ceratobasidium_sp._AG-Ba_88,Fungi,Basidiomycota
Ceratobasidium_sp._AG-Ba_89,Fungi,Basidiomycota
Ceratobasidium_sp._AG-Ba_90,Fungi,Basidiomycota
Ceratobasidium_sp._AG-Ba_91,Fungi,Basidiomycota
Ceratobasidium_sp._AG-Ba_92,Fungi,Basidiomycota
Ceratobasidium_sp._AG-Ba_93,Fungi,Basidiomycota
Ceratobasidium_sp._AG-Ba_94,Fungi,Basidiomycota
Ceratobasidium_sp._AG-Ba_95,Fungi,Basidiomycota
Ceratobasidium_sp._AG-Ba_96,Fungi,Basidiomycota
Ceratobasidium_sp._AG-Ba_97,Fungi,Basidiomycota
Ceratobasidium_sp._AG-Ba_98,Fungi,Basidiomycota
Ceratobasidium_sp._AG-Ba_99,Fungi,Basidiomycota
Ceratobasidium_sp._AG-Ba_100,Fungi,Basidiomycota
Ceratobasidium_sp._AG-Ba_101,Fungi,Basidiomycota
Ceratobasidium_sp._AG-Ba_102,Fungi,Basidiomycota
Ceratobasidium_sp._AG-Ba_103,Fungi,Basidiomycota
Ceratobasidium_sp._AG-Ba_104,Fungi,Basidiomycota
Ceratobasidium_sp._AG-Ba_105,Fungi,Basidiomycota
Ceratobasidium_sp._AG-Ba_106,Fungi,Basidiomycota
Ceratobasidium_sp._AG-Ba_107,Fungi,Basidiomycota
Ceratobasidium_sp._AG-Ba_108,Fungi,Basidiomycota
Ceratobasidium_sp._AG-Ba_109,Fungi,Basidiomycota
Ceratobasidium_sp._AG-Ba_110,Fungi,Basidiomycota
Ceratobasidium_sp._AG-Ba_111,Fungi,Basidiomycota
Ceratobasidium_sp._AG-Ba_112,Fungi,Basidiomycota
Ceratobasidium_sp._AG-Ba_113,Fungi,Basidiomycota
Ceratobasidium_sp._AG-Ba_114,Fungi,Basidiomycota
Ceratobasidium_sp._AG-Ba_115,Fungi,Basidiomycota
Ceratobasidium_sp._AG-Ba_116,Fungi,Basidiomycota
Ceratobasidium_sp._AG-Ba_117,Fungi,Basidiomycota
Ceratobasidium_sp._AG-Ba_118,Fungi,Basidiomycota
Ceratobasidium_sp._AG-Ba_119,Fungi,Basidiomycota
Ceratobasidium_sp._AG-Ba_120,Fungi,Basidiomycota
Ceratobasidium_sp._AG-Ba_121,Fungi,Basidiomycota
Ceratobasidium_sp._AG-Ba_122,Fungi,Basidiomycota
Ceratobasidium_sp._AG-Ba_123,Fungi,Basidiomycota
Ceratobasidium_sp._AG-Ba_124,Fungi,Basidiomycota
Ceratobasidium_sp._AG-Ba_125,Fungi,Basidiomycota
Ceratobasidium_sp._AG-Ba_126,Fungi,Basidiomycota
Ceratobasidium_sp._AG-Ba_127,Fungi,Basidiomycota
Ceratobasidium_sp._AG-Ba_128,Fungi,Basidiomycota
Ceratobasidium_sp._AG-Ba_129,Fungi,Basidiomycota
Ceratobasidium_sp._AG-Ba_130,Fungi,Basidiomycota
Ceratobasidium_sp._AG-Ba_131,Fungi,Basidiomycota
Ceratobasidium_sp._AG-Ba_132,Fungi,Basidiomycota
Ceratobasidium_sp._AG-Ba_133,Fungi,Basidiomycota
Ceratobasidium_sp._AG-Ba_134,Fungi,Basidiomycota
Ceratobasidium_sp._AG-Ba_135,Fungi,Basidiomycota
Ceratobasidium_sp._AG-Ba_136,Fungi,Basidiomycota
Ceratobasidium_sp._AG-Ba_137,Fungi,Basidiomycota
Ceratobasidium_sp._AG-Ba_138,Fungi,Basidiomycota
Ceratobasidium_sp._AG-Ba_139,Fungi,Basidiomycota
Ceratobasidium_sp._AG-Ba_140,Fungi,Basidiomycota
Ceratobasidium_sp._AG-Ba_141,Fungi,Basidiomycota
Ceratobasidium_sp._AG-Ba_142,Fungi,Basidiomycota
Ceratobasidium_sp._AG-Ba_143,Fungi,Basidiomycota
Ceratobasidium_sp._AG-Ba_144,Fungi,Basidiomycota
Ceratobasidium_sp._AG-Ba_145,Fungi,Basidiomycota
Ceratobasidium_sp._AG-Ba_146,Fungi,Basidiomycota
CEMJ01393356.1_66_,Fungi,Basidiomycota
Fomitopsis_betulina,Fungi,Basidiomycota
Fomitopsis_betulina_2,Fungi,Basidiomycota
CEMK01729056.1_6_,Fungi,Basidiomycota
CEMK01729056.1_7_,Fungi,Basidiomycota
Gymnopilus_junonius,Fungi,Basidiomycota
Gymnopilus_junonius_2,Fungi,Basidiomycota
JACTVC010000031.1_499_,Fungi,Basidiomycota
JACTVC010000031.1_500_,Fungi,Basidiomycota
Laccaria_bicolor_S238N-H82,Fungi,Basidiomycota
JACTVD010000058.1_186_,Fungi,Basidiomycota
JACTVD010000058.1_187_,Fungi,Basidiomycota
JACTVD010000179.1_76_,Fungi,Basidiomycota
JACTVD010000179.1_77_,Fungi,Basidiomycota
Laccaria_amethystina_LaAM-08-1,Fungi,Basidiomycota
Laccaria_bicolor_S238N-H82_2,Fungi,Basidiomycota
JACTVB010002322.1_2_,Fungi,Basidiomycota
JACTVB010003763.1_2_,Fungi,Basidiomycota
JACTVB010042122.1_1_,Fungi,Basidiomycota
JACTVE010003228.1_1_,Fungi,Basidiomycota
JACTVE010003228.1_2_,Fungi,Basidiomycota
Lactarius_indigo,Fungi,Basidiomycota
Lactarius_indigo_2,Fungi,Basidiomycota
Lactarius_indigo_3,Fungi,Basidiomycota
Lactarius_indigo_4,Fungi,Basidiomycota
Lactarius_indigo_5,Fungi,Basidiomycota
Lactarius_indigo_6,Fungi,Basidiomycota
Lactarius_quietus,Fungi,Basidiomycota
Lactifluus_volemus,Fungi,Basidiomycota
QFEA01004938.1_14_,Fungi,Basidiomycota
BCJR01000246.1_4_,Fungi,Basidiomycota
BCJR01000246.1_5_,Fungi,Basidiomycota
KQ962614.1_52_,Fungi,Basidiomycota
JABCKH010000016.1_20_,Fungi,Basidiomycota
JABCKH010000016.1_21_,Fungi,Basidiomycota
Panaeolus_papilionaceus,Fungi,Basidiomycota
JANFAH010000015.1_1643_,Fungi,Basidiomycota
JANFAH010000015.1_1694_,Fungi,Basidiomycota
JANFAH010000015.1_1701_,Fungi,Basidiomycota
JANFAH010000015.1_1702_,Fungi,Basidiomycota
JANFAH010000087.1_51_,Fungi,Basidiomycota
JANFAH010000087.1_58_,Fungi,Basidiomycota
JANFAH010000087.1_64_,Fungi,Basidiomycota
JANFAH010000098.1_51_,Fungi,Basidiomycota
JANFAH010000098.1_58_,Fungi,Basidiomycota
JANFAH010000128.1_10_,Fungi,Basidiomycota
JANFAH010000128.1_50_,Fungi,Basidiomycota
Pisolithus_orientalis,Fungi,Basidiomycota
Pisolithus_orientalis_2,Fungi,Basidiomycota
Pisolithus_orientalis_3,Fungi,Basidiomycota
Pisolithus_orientalis_4,Fungi,Basidiomycota
Pisolithus_orientalis_5,Fungi,Basidiomycota
Pisolithus_orientalis_6,Fungi,Basidiomycota
Pisolithus_tinctorius_Marx_270,Fungi,Basidiomycota
Pisolithus_tinctorius_Marx_270_2,Fungi,Basidiomycota
CEMT01386796.1_1_,Fungi,Basidiomycota
LBLN01005204.1_1_,Fungi,Basidiomycota
LBLN01005204.1_2_,Fungi,Basidiomycota
Rhizoctonia_solani,Fungi,Basidiomycota
Rhizoctonia_solani_2,Fungi,Basidiomycota
Rhizoctonia_solani_3,Fungi,Basidiomycota
Rhizoctonia_solani_4,Fungi,Basidiomycota
Rhizoctonia_solani_5,Fungi,Basidiomycota
Rhizoctonia_solani_6,Fungi,Basidiomycota
Rhizoctonia_solani_7,Fungi,Basidiomycota
Rhizoctonia_solani_8,Fungi,Basidiomycota
Rhizoctonia_solani_9,Fungi,Basidiomycota
Rhizoctonia_solani_10,Fungi,Basidiomycota
Rhizoctonia_solani_11,Fungi,Basidiomycota
Rhizoctonia_solani_12,Fungi,Basidiomycota
Rhizoctonia_solani_13,Fungi,Basidiomycota
Rhizoctonia_solani_14,Fungi,Basidiomycota
Rhizoctonia_solani_15,Fungi,Basidiomycota
Rhizoctonia_solani_16,Fungi,Basidiomycota
Rhizoctonia_solani_17,Fungi,Basidiomycota
Rhizoctonia_solani_18,Fungi,Basidiomycota
Rhizoctonia_solani_19,Fungi,Basidiomycota
Rhizoctonia_solani_20,Fungi,Basidiomycota
Rhizoctonia_solani_21,Fungi,Basidiomycota
Rhizoctonia_solani_22,Fungi,Basidiomycota
Rhizoctonia_solani_23,Fungi,Basidiomycota
Rhizoctonia_solani_24,Fungi,Basidiomycota
Rhizoctonia_solani_25,Fungi,Basidiomycota
Rhizoctonia_solani_26,Fungi,Basidiomycota
Rhizoctonia_solani_27,Fungi,Basidiomycota
Rhizoctonia_solani_28,Fungi,Basidiomycota
Rhizoctonia_solani_29,Fungi,Basidiomycota
Rhizoctonia_solani_30,Fungi,Basidiomycota
Rhizoctonia_solani_31,Fungi,Basidiomycota
Rhizoctonia_solani_32,Fungi,Basidiomycota
CP102643.1_531_,Fungi,Basidiomycota
CP102649.1_2354_,Fungi,Basidiomycota
CP102653.1_1289_,Fungi,Basidiomycota
CP102655.1_1882_,Fungi,Basidiomycota
JAJQOV010000047.1_84_,Fungi,Basidiomycota
JAWHUG010000020.1_281_,Fungi,Basidiomycota
JAMYKR010000002.1_1003_,Fungi,Basidiomycota
JAMYKR010000002.1_2781_,Fungi,Basidiomycota
JAMYKR010000004.1_7_,Fungi,Basidiomycota
JAMYKR010000006.1_422_,Fungi,Basidiomycota
JAMYKR010000006.1_869_,Fungi,Basidiomycota
JAMYKR010000006.1_2131_,Fungi,Basidiomycota
JAMYKR010000006.1_2362_,Fungi,Basidiomycota
JAMYKR010000006.1_2497_,Fungi,Basidiomycota
JAMYKR010000008.1_636_,Fungi,Basidiomycota
JAMYKR010000008.1_750_,Fungi,Basidiomycota
JAMYKR010000008.1_1771_,Fungi,Basidiomycota
JAMYKR010000009.1_47_,Fungi,Basidiomycota
JAMYKR010000010.1_239_,Fungi,Basidiomycota
JAMYKR010000010.1_2251_,Fungi,Basidiomycota
JAMYKR010000011.1_1361_,Fungi,Basidiomycota
JAMYKR010000011.1_1369_,Fungi,Basidiomycota
JAMYKR010000012.1_434_,Fungi,Basidiomycota
JAMYKR010000012.1_1829_,Fungi,Basidiomycota
JAMYKR010000013.1_610_,Fungi,Basidiomycota
JAMYKR010000014.1_43_,Fungi,Basidiomycota
JAMYKR010000014.1_51_,Fungi,Basidiomycota
JAMYKR010000014.1_477_,Fungi,Basidiomycota
JAMYKR010000014.1_1430_,Fungi,Basidiomycota
JAMYKR010000015.1_633_,Fungi,Basidiomycota
JAMYKR010000016.1_128_,Fungi,Basidiomycota
JAMYKR010000017.1_616_,Fungi,Basidiomycota
JAMYKR010000018.1_420_,Fungi,Basidiomycota
JAMYKR010000020.1_155_,Fungi,Basidiomycota
JAMYKR010000020.1_159_,Fungi,Basidiomycota
JAMYKR010000022.1_26_,Fungi,Basidiomycota
JAMYKR010000022.1_272_,Fungi,Basidiomycota
JAMYKR010000023.1_79_,Fungi,Basidiomycota
JAMYKR010000024.1_190_,Fungi,Basidiomycota
JAMYKR010000025.1_36_,Fungi,Basidiomycota
JAMYKR010000026.1_107_,Fungi,Basidiomycota
JAMYKR010000028.1_29_,Fungi,Basidiomycota
JAMYKR010000033.1_33_,Fungi,Basidiomycota
JAMYKR010000034.1_42_,Fungi,Basidiomycota
Rhizoctonia_solani_33,Fungi,Basidiomycota
Rhizoctonia_solani_34,Fungi,Basidiomycota
Rhizoctonia_solani_35,Fungi,Basidiomycota
Rhizoctonia_solani_36,Fungi,Basidiomycota
Rhizoctonia_solani_37,Fungi,Basidiomycota
Rhizoctonia_solani_38,Fungi,Basidiomycota
JAHVAN010000002.1_3903_,Fungi,Basidiomycota
JAHVAN010000012.1_364_,Fungi,Basidiomycota
JAHVAN010000014.1_775_,Fungi,Basidiomycota
JAHVAN010000018.1_35_,Fungi,Basidiomycota
JAHVAN010000021.1_354_,Fungi,Basidiomycota
JAHVAN010000030.1_70_,Fungi,Basidiomycota
JAHVAN010000039.1_61_,Fungi,Basidiomycota
JADHEA010000005.1_340_,Fungi,Basidiomycota
JADHEA010000005.1_1528_,Fungi,Basidiomycota
JADHEA010000008.1_2563_,Fungi,Basidiomycota
JADHEA010000009.1_2359_,Fungi,Basidiomycota
JADHEA010000019.1_540_,Fungi,Basidiomycota
JADHEA010000047.1_1_,Fungi,Basidiomycota
JADHEA010000054.1_101_,Fungi,Basidiomycota
JADHEA010000055.1_55_,Fungi,Basidiomycota
JADHEA010000068.1_119_,Fungi,Basidiomycota
JADHEA010000074.1_58_,Fungi,Basidiomycota
JADHEA010000087.1_94_,Fungi,Basidiomycota
JADHEA010000090.1_34_,Fungi,Basidiomycota
JADHEA010000090.1_130_,Fungi,Basidiomycota
JADHEA010000095.1_49_,Fungi,Basidiomycota
JADHEA010000124.1_50_,Fungi,Basidiomycota
Rhizoctonia_solani_39,Fungi,Basidiomycota
Rhizoctonia_solani_40,Fungi,Basidiomycota
CAJMWS010000022.1_5_,Fungi,Basidiomycota
CAJMWW010000120.1_15_,Fungi,Basidiomycota
CAJMWW010000396.1_2_,Fungi,Basidiomycota
Rhizoctonia_solani_41,Fungi,Basidiomycota
Rhizoctonia_solani_42,Fungi,Basidiomycota
Rhizoctonia_solani_43,Fungi,Basidiomycota
JAPQWR010000007.1_1893_,Fungi,Basidiomycota
JAPQWR010000012.1_1095_,Fungi,Basidiomycota
JAPQWR010000015.1_600_,Fungi,Basidiomycota
JAPQWR010000021.1_379_,Fungi,Basidiomycota
JAPQWR010000021.1_388_,Fungi,Basidiomycota
JAPQWR010000028.1_261_,Fungi,Basidiomycota
JAPQWR010000028.1_311_,Fungi,Basidiomycota
JAPQWR010000035.1_106_,Fungi,Basidiomycota
JAPQWR010000035.1_236_,Fungi,Basidiomycota
JAPQWR010000054.1_46_,Fungi,Basidiomycota
JAPQWR010000058.1_76_,Fungi,Basidiomycota
JAPQWR010000067.1_58_,Fungi,Basidiomycota
JAPQWR010000071.1_78_,Fungi,Basidiomycota
JAPQWR010000075.1_27_,Fungi,Basidiomycota
JAPQWR010000075.1_64_,Fungi,Basidiomycota
JAPQWR010000079.1_58_,Fungi,Basidiomycota
JAPQWR010000079.1_76_,Fungi,Basidiomycota
JAPQWR010000084.1_11_,Fungi,Basidiomycota
JAPQWR010000084.1_42_,Fungi,Basidiomycota
JAPQWR010000084.1_64_,Fungi,Basidiomycota
JAPQWR010000087.1_60_,Fungi,Basidiomycota
CAJMWY010001731.1_6_,Fungi,Basidiomycota
CAJMWY010003305.1_3_,Fungi,Basidiomycota
CAJMWY010003790.1_3_,Fungi,Basidiomycota
CAJMWY010003905.1_1_,Fungi,Basidiomycota
CAJMWR010000351.1_1_,Fungi,Basidiomycota
CAJMWR010002462.1_2_,Fungi,Basidiomycota
CAJMWR010003809.1_3_,Fungi,Basidiomycota
CAJMWT010006947.1_7_,Fungi,Basidiomycota
CAJMWT010008173.1_2_,Fungi,Basidiomycota
Rhizoctonia_solani_44,Fungi,Basidiomycota
CAJMWZ010006696.1_1_,Fungi,Basidiomycota
CAJNJQ010002979.1_3_,Fungi,Basidiomycota
CAJNJQ010006441.1_1_,Fungi,Basidiomycota
CAJMWV010003423.1_3_,Fungi,Basidiomycota
CAJZAD010001231.1_3_,Fungi,Basidiomycota
CAJZAD010001930.1_2_,Fungi,Basidiomycota
CAOJ01008620.1_3_,Fungi,Basidiomycota
CAOJ01011375.1_2_,Fungi,Basidiomycota
CAOJ01012872.1_3_,Fungi,Basidiomycota
CAOJ01013387.1_4_,Fungi,Basidiomycota
CAOJ01014638.1_6_,Fungi,Basidiomycota
CAOJ01017074.1_1_,Fungi,Basidiomycota
CAOJ01019057.1_2_,Fungi,Basidiomycota
CAOJ01019113.1_2_,Fungi,Basidiomycota
CAOJ01019330.1_1_,Fungi,Basidiomycota
CAOJ01019422.1_1_,Fungi,Basidiomycota
CAOJ01019518.1_1_,Fungi,Basidiomycota
CAOJ01020408.1_1_,Fungi,Basidiomycota
CAOJ01022740.1_1_,Fungi,Basidiomycota
JAIWPF010000744.1_6_,Fungi,Basidiomycota
Rhizoctonia_solani_AG-8_WAC10335,Fungi,Basidiomycota
Rhizoctonia_solani_AG-8_WAC10335_2,Fungi,Basidiomycota
LVWR01002364.1_2_,Fungi,Basidiomycota
LVWR01021110.1_2_,Fungi,Basidiomycota
JARYTX010000002.1_1358_,Fungi,Basidiomycota
JARYTX010000003.1_3399_,Fungi,Basidiomycota
JARYTX010000004.1_616_,Fungi,Basidiomycota
JARYTX010000004.1_623_,Fungi,Basidiomycota
JARYTX010000004.1_1945_,Fungi,Basidiomycota
JARYTX010000008.1_975_,Fungi,Basidiomycota
JARYTX010000010.1_681_,Fungi,Basidiomycota
JARYTX010000010.1_1587_,Fungi,Basidiomycota
JARYTX010000011.1_886_,Fungi,Basidiomycota
JARYTX010000014.1_1442_,Fungi,Basidiomycota
JARYTX010000015.1_1076_,Fungi,Basidiomycota
JARYTX010000016.1_36_,Fungi,Basidiomycota
JARYTX010000023.1_204_,Fungi,Basidiomycota
JARYTX010000023.1_212_,Fungi,Basidiomycota
JARYTX010000027.1_267_,Fungi,Basidiomycota
JARYTX010000041.1_346_,Fungi,Basidiomycota
JARYTX010000050.1_27_,Fungi,Basidiomycota
JARYTX010000050.1_188_,Fungi,Basidiomycota
JARYTX010000093.1_125_,Fungi,Basidiomycota
JARYTX010000094.1_60_,Fungi,Basidiomycota
JARYTX010000190.1_22_,Fungi,Basidiomycota
Rhizopogon_vinicolor_AM-OR11-026,Fungi,Basidiomycota
LVVM01002453.1_2_,Fungi,Basidiomycota
LVVM01002620.1_1_,Fungi,Basidiomycota
LVVM01003765.1_1_,Fungi,Basidiomycota
LVVM01005745.1_6_,Fungi,Basidiomycota
LVVM01006218.1_1_,Fungi,Basidiomycota
PVYE01000041.1_1_,Fungi,Basidiomycota
PVYL01025374.1_1_,Fungi,Basidiomycota
PVYG01001535.1_9_,Fungi,Basidiomycota
PVYU01001669.1_1_,Fungi,Basidiomycota
PVYT01002030.1_1_,Fungi,Basidiomycota
PVYM01000209.1_1_,Fungi,Basidiomycota
PVYM01003478.1_1_,Fungi,Basidiomycota
PVYM01003478.1_2_,Fungi,Basidiomycota
PVYM01009260.1_1_,Fungi,Basidiomycota
PVXY01001561.1_1_,Fungi,Basidiomycota
PVXY01003197.1_1_,Fungi,Basidiomycota
PVXY01003197.1_2_,Fungi,Basidiomycota
PVYD01002347.1_1_,Fungi,Basidiomycota
PVYH01008140.1_3_,Fungi,Basidiomycota
PVYH01010828.1_4_,Fungi,Basidiomycota
PVYH01010828.1_5_,Fungi,Basidiomycota
PVYC01008927.1_1_,Fungi,Basidiomycota
PVYI01001191.1_1_,Fungi,Basidiomycota
PVYI01004383.1_1_,Fungi,Basidiomycota
PVYI01009064.1_1_,Fungi,Basidiomycota
PVYI01011776.1_1_,Fungi,Basidiomycota
PVYI01011844.1_5_,Fungi,Basidiomycota
PVXX01003423.1_1_,Fungi,Basidiomycota
PVXX01003424.1_1_,Fungi,Basidiomycota
PVXX01004157.1_1_,Fungi,Basidiomycota
PVXX01005196.1_1_,Fungi,Basidiomycota
PVXX01009149.1_1_,Fungi,Basidiomycota
PVYB01019937.1_1_,Fungi,Basidiomycota
PVYK01005627.1_1_,Fungi,Basidiomycota
PVYK01005627.1_2_,Fungi,Basidiomycota
Russula_ochroleuca,Fungi,Basidiomycota
Russula_ochroleuca_2,Fungi,Basidiomycota
Russula_brevipes,Fungi,Basidiomycota
Russula_earlei,Fungi,Basidiomycota
Russula_earlei_2,Fungi,Basidiomycota
QFFA01005087.1_1_,Fungi,Basidiomycota
QLOU01004605.1_9_,Fungi,Basidiomycota
QLOS01002294.1_6_,Fungi,Basidiomycota
JAYMGJ010000185.1_22_,Fungi,Basidiomycota
Serpula_lacrymans_var._lacrymans_S7.9,Fungi,Basidiomycota
Serpula_lacrymans_var._lacrymans_S7.9_2,Fungi,Basidiomycota
Serpula_lacrymans_var._lacrymans_S7.9_3,Fungi,Basidiomycota
Serpula_lacrymans_var._lacrymans_S7.9_4,Fungi,Basidiomycota
Serpula_lacrymans_var._lacrymans_S7.3,Fungi,Basidiomycota
Serpula_lacrymans_var._lacrymans_S7.3_2,Fungi,Basidiomycota
PDDN01000276.1_1_,Fungi,Basidiomycota
PDDN01000384.1_5_,Fungi,Basidiomycota
JACJFS010000075.1_7_,Fungi,Basidiomycota
JACJFS010000075.1_8_,Fungi,Basidiomycota
JACJFS010000923.1_1_,Fungi,Basidiomycota
JACJFS010000923.1_9_,Fungi,Basidiomycota
CM031557.1_2547_,Fungi,Basidiomycota
CM031557.1_2589_,Fungi,Basidiomycota
Sparassis_crispa,Fungi,Basidiomycota
Sparassis_crispa_2,Fungi,Basidiomycota
Sparassis_crispa_3,Fungi,Basidiomycota
LWKX01000027.1_220_,Fungi,Basidiomycota
WJPG01000005.1_2415_,Fungi,Basidiomycota
Sparassis_crispa_4,Fungi,Basidiomycota
Sparassis_crispa_5,Fungi,Basidiomycota
Sparassis_crispa_6,Fungi,Basidiomycota
Suillus_placidus,Fungi,Basidiomycota
Suillus_placidus_2,Fungi,Basidiomycota
Suillus_subluteus,Fungi,Basidiomycota
Suillus_subluteus_2,Fungi,Basidiomycota
Suillus_subluteus_3,Fungi,Basidiomycota
Suillus_subalutaceus,Fungi,Basidiomycota
Suillus_subalutaceus_2,Fungi,Basidiomycota
Suillus_subalutaceus_3,Fungi,Basidiomycota
Suillus_subalutaceus_4,Fungi,Basidiomycota
QGOC01002257.1_5_,Fungi,Basidiomycota
QGOC01002257.1_6_,Fungi,Basidiomycota
QGOC01002257.1_7_,Fungi,Basidiomycota
Trametes_sanguinea,Fungi,Basidiomycota
QLOJ01008969.1_7_,Fungi,Basidiomycota
QLOJ01008969.1_8_,Fungi,Basidiomycota
AP026539.1_585_,Fungi,Basidiomycota
AP026539.1_676_,Fungi,Basidiomycota
QFEU01014448.1_15_,Fungi,Basidiomycota
QFEU01025008.1_2_,Fungi,Basidiomycota
QFEU01025008.1_3_,Fungi,Basidiomycota
QMFE01000125.1_39_,Fungi,Basidiomycota
QMFE01004143.1_6_,Fungi,Basidiomycota
QMFE01007102.1_5_,Fungi,Basidiomycota
QMFE01020413.1_1_,Fungi,Basidiomycota
QMFE01020413.1_2_,Fungi,Basidiomycota
QMFE01020414.1_2_,Fungi,Basidiomycota
QMFE01020414.1_3_,Fungi,Basidiomycota
QMFE01022622.1_2_,Fungi,Basidiomycota
JALPZM010000067.1_357_,Fungi,Basidiomycota
Tricholoma_matsutake_945,Fungi,Basidiomycota
ML014490.1_6_,Fungi,Chytridiomycota
Boothiomyces_macroporosus,Fungi,Chytridiomycota
Boothiomyces_macroporosus_2,Fungi,Chytridiomycota
Boothiomyces_macroporosus_3,Fungi,Chytridiomycota
ML014490.1_6__2,Fungi,Chytridiomycota
Globomyces_pollinis-pini,Fungi,Chytridiomycota
Phlyctochytrium_arcticum,Fungi,Chytridiomycota
Phlyctochytrium_arcticum_2,Fungi,Chytridiomycota
Phlyctochytrium_arcticum_3,Fungi,Chytridiomycota
Phlyctochytrium_arcticum_4,Fungi,Chytridiomycota
Synchytrium_endobioticum,Fungi,Chytridiomycota
Synchytrium_endobioticum_2,Fungi,Chytridiomycota
Terramyces_sp._JEL0728,Fungi,Chytridiomycota
Ambispora_gerdemannii,Fungi,Glomeromycota
Ambispora_gerdemannii_2,Fungi,Glomeromycota
Ambispora_gerdemannii_3,Fungi,Glomeromycota
Ambispora_leptoticha,Fungi,Glomeromycota
Cetraspora_pellucida,Fungi,Glomeromycota
Cetraspora_pellucida_2,Fungi,Glomeromycota
Cetraspora_pellucida_3,Fungi,Glomeromycota
Cetraspora_pellucida_4,Fungi,Glomeromycota
Cetraspora_pellucida_5,Fungi,Glomeromycota
Cetraspora_pellucida_6,Fungi,Glomeromycota
Dentiscutata_heterogama,Fungi,Glomeromycota
Dentiscutata_heterogama_2,Fungi,Glomeromycota
Dentiscutata_heterogama_3,Fungi,Glomeromycota
Dentiscutata_heterogama_4,Fungi,Glomeromycota
Dentiscutata_heterogama_5,Fungi,Glomeromycota
Dentiscutata_heterogama_6,Fungi,Glomeromycota
Dentiscutata_heterogama_7,Fungi,Glomeromycota
Dentiscutata_heterogama_8,Fungi,Glomeromycota
Dentiscutata_heterogama_9,Fungi,Glomeromycota
Dentiscutata_heterogama_10,Fungi,Glomeromycota
Dentiscutata_heterogama_11,Fungi,Glomeromycota
Dentiscutata_heterogama_12,Fungi,Glomeromycota
Dentiscutata_heterogama_13,Fungi,Glomeromycota
Dentiscutata_heterogama_14,Fungi,Glomeromycota
Dentiscutata_heterogama_15,Fungi,Glomeromycota
Dentiscutata_heterogama_16,Fungi,Glomeromycota
Dentiscutata_heterogama_17,Fungi,Glomeromycota
Dentiscutata_heterogama_18,Fungi,Glomeromycota
Dentiscutata_erythropus,Fungi,Glomeromycota
Dentiscutata_erythropus_2,Fungi,Glomeromycota
Dentiscutata_erythropus_3,Fungi,Glomeromycota
Dentiscutata_erythropus_4,Fungi,Glomeromycota
Dentiscutata_erythropus_5,Fungi,Glomeromycota
Dentiscutata_erythropus_6,Fungi,Glomeromycota
Diversispora_epigaea,Fungi,Glomeromycota
Entrophospora_candida,Fungi,Glomeromycota
Entrophospora_candida_2,Fungi,Glomeromycota
Gigaspora_margarita,Fungi,Glomeromycota
Gigaspora_margarita_2,Fungi,Glomeromycota
Gigaspora_margarita_3,Fungi,Glomeromycota
Gigaspora_margarita_4,Fungi,Glomeromycota
Gigaspora_margarita_5,Fungi,Glomeromycota
Gigaspora_margarita_6,Fungi,Glomeromycota
Gigaspora_margarita_7,Fungi,Glomeromycota
Gigaspora_margarita_8,Fungi,Glomeromycota
Gigaspora_margarita_9,Fungi,Glomeromycota
Funneliformis_caledonium,Fungi,Glomeromycota
Gigaspora_rosea,Fungi,Glomeromycota
Gigaspora_rosea_2,Fungi,Glomeromycota
Gigaspora_rosea_3,Fungi,Glomeromycota
Gigaspora_rosea_4,Fungi,Glomeromycota
Gigaspora_rosea_5,Fungi,Glomeromycota
Gigaspora_rosea_6,Fungi,Glomeromycota
Gigaspora_rosea_7,Fungi,Glomeromycota
Gigaspora_rosea_8,Fungi,Glomeromycota
Gigaspora_rosea_9,Fungi,Glomeromycota
Gigaspora_rosea_10,Fungi,Glomeromycota
Gigaspora_rosea_11,Fungi,Glomeromycota
Gigaspora_rosea_12,Fungi,Glomeromycota
Gigaspora_rosea_13,Fungi,Glomeromycota
Gigaspora_rosea_14,Fungi,Glomeromycota
Gigaspora_rosea_15,Fungi,Glomeromycota
Gigaspora_rosea_16,Fungi,Glomeromycota
Gigaspora_rosea_17,Fungi,Glomeromycota
Gigaspora_rosea_18,Fungi,Glomeromycota
Gigaspora_rosea_19,Fungi,Glomeromycota
Gigaspora_rosea_20,Fungi,Glomeromycota
Gigaspora_rosea_21,Fungi,Glomeromycota
Gigaspora_rosea_22,Fungi,Glomeromycota
Gigaspora_rosea_23,Fungi,Glomeromycota
Gigaspora_rosea_24,Fungi,Glomeromycota
Gigaspora_rosea_25,Fungi,Glomeromycota
Gigaspora_rosea_26,Fungi,Glomeromycota
Gigaspora_rosea_27,Fungi,Glomeromycota
Gigaspora_rosea_28,Fungi,Glomeromycota
Gigaspora_rosea_29,Fungi,Glomeromycota
Gigaspora_rosea_30,Fungi,Glomeromycota
Glomus_cerebriforme,Fungi,Glomeromycota
Glomus_cerebriforme_2,Fungi,Glomeromycota
Glomus_cerebriforme_3,Fungi,Glomeromycota
Paraglomus_occultum,Fungi,Glomeromycota
Paraglomus_occultum_2,Fungi,Glomeromycota
Paraglomus_occultum_3,Fungi,Glomeromycota
Paraglomus_brasilianum,Fungi,Glomeromycota
Racocetra_fulgida,Fungi,Glomeromycota
Racocetra_fulgida_2,Fungi,Glomeromycota
Racocetra_fulgida_3,Fungi,Glomeromycota
Racocetra_fulgida_4,Fungi,Glomeromycota
Racocetra_persica,Fungi,Glomeromycota
Racocetra_persica_2,Fungi,Glomeromycota
Racocetra_persica_3,Fungi,Glomeromycota
Racocetra_persica_4,Fungi,Glomeromycota
Racocetra_persica_5,Fungi,Glomeromycota
Racocetra_persica_6,Fungi,Glomeromycota
Racocetra_persica_7,Fungi,Glomeromycota
Racocetra_persica_8,Fungi,Glomeromycota
Racocetra_persica_9,Fungi,Glomeromycota
Racocetra_persica_10,Fungi,Glomeromycota
Racocetra_persica_11,Fungi,Glomeromycota
Racocetra_persica_12,Fungi,Glomeromycota
Racocetra_persica_13,Fungi,Glomeromycota
Racocetra_persica_14,Fungi,Glomeromycota
Rhizophagus_irregularis_DAOM_181602=DAOM_197198,Fungi,Glomeromycota
Rhizophagus_clarus,Fungi,Glomeromycota
Rhizophagus_clarus_2,Fungi,Glomeromycota
Scutellospora_calospora,Fungi,Glomeromycota
Scutellospora_calospora_2,Fungi,Glomeromycota
Scutellospora_calospora_3,Fungi,Glomeromycota
Scutellospora_calospora_4,Fungi,Glomeromycota
Scutellospora_calospora_5,Fungi,Glomeromycota
Scutellospora_calospora_6,Fungi,Glomeromycota
Scutellospora_calospora_7,Fungi,Glomeromycota
Scutellospora_calospora_8,Fungi,Glomeromycota
Scutellospora_calospora_9,Fungi,Glomeromycota
Scutellospora_calospora_10,Fungi,Glomeromycota
Scutellospora_calospora_11,Fungi,Glomeromycota
Scutellospora_calospora_12,Fungi,Glomeromycota
Scutellospora_calospora_13,Fungi,Glomeromycota
Scutellospora_calospora_14,Fungi,Glomeromycota
Scutellospora_calospora_15,Fungi,Glomeromycota
Scutellospora_calospora_16,Fungi,Glomeromycota
Scutellospora_calospora_17,Fungi,Glomeromycota
Mitosporidium_daphniae,Fungi,Microsporidiomycota
Nosema_granulosis,Fungi,Microsporidiomycota
Pancytospora_epiphaga,Fungi,Microsporidiomycota
JNDQ01000525.1_4_,Fungi,Mucoromycota
JNDP01000478.1_6_,Fungi,Mucoromycota
JNDP01000509.1_2_,Fungi,Mucoromycota
JNDP01000867.1_2_,Fungi,Mucoromycota
JNDP01000478.1_6__2,Fungi,Mucoromycota
JNDP01000509.1_2__2,Fungi,Mucoromycota
JNDP01000867.1_2__2,Fungi,Mucoromycota
JNDQ01000525.1_4__2,Fungi,Mucoromycota
Apophysomyces_sp._BC1015,Fungi,Mucoromycota
Apophysomyces_sp._BC1015_2,Fungi,Mucoromycota
Apophysomyces_sp._BC1015_3,Fungi,Mucoromycota
Apophysomyces_sp._BC1021,Fungi,Mucoromycota
Apophysomyces_sp._BC1021_2,Fungi,Mucoromycota
Apophysomyces_sp._BC1021_3,Fungi,Mucoromycota
Apophysomyces_sp._BC1021_4,Fungi,Mucoromycota
Apophysomyces_sp._BC1034,Fungi,Mucoromycota
Apophysomyces_sp._BC1034_2,Fungi,Mucoromycota
Apophysomyces_sp._BC1034_3,Fungi,Mucoromycota
Apophysomyces_sp._BC1034_4,Fungi,Mucoromycota
JAPUVG010000719.1_5_,Fungi,Neocallimastigomycota
JAPUVG010000719.1_8_,Fungi,Neocallimastigomycota
JAPUVG010005604.1_2_,Fungi,Neocallimastigomycota
ASRE01006254.1_5_,Fungi,Neocallimastigomycota
ASRE01014273.1_1_,Fungi,Neocallimastigomycota
JAPUUR010007085.1_2_,Fungi,Neocallimastigomycota
Anaeromyces_robustus,Fungi,Neocallimastigomycota
Anaeromyces_robustus_2,Fungi,Neocallimastigomycota
Anaeromyces_robustus_3,Fungi,Neocallimastigomycota
Anaeromyces_robustus_4,Fungi,Neocallimastigomycota
Anaeromyces_robustus_5,Fungi,Neocallimastigomycota
Anaeromyces_robustus_6,Fungi,Neocallimastigomycota
Anaeromyces_robustus_7,Fungi,Neocallimastigomycota
Anaeromyces_robustus_8,Fungi,Neocallimastigomycota
Anaeromyces_robustus_9,Fungi,Neocallimastigomycota
Anaeromyces_robustus_10,Fungi,Neocallimastigomycota
Anaeromyces_robustus_11,Fungi,Neocallimastigomycota
Anaeromyces_robustus_12,Fungi,Neocallimastigomycota
JAPUVG010000719.1_5__2,Fungi,Neocallimastigomycota
JAPUVG010000719.1_8__2,Fungi,Neocallimastigomycota
JAPUVG010005604.1_2__2,Fungi,Neocallimastigomycota
Neocallimastix_sp._JGI-2020a,Fungi,Neocallimastigomycota
Neocallimastix_sp._JGI-2020a_2,Fungi,Neocallimastigomycota
Neocallimastix_sp._JGI-2020a_3,Fungi,Neocallimastigomycota
Neocallimastix_sp._JGI-2020a_4,Fungi,Neocallimastigomycota
Neocallimastix_sp._JGI-2020a_5,Fungi,Neocallimastigomycota
Neocallimastix_sp._JGI-2020a_6,Fungi,Neocallimastigomycota
Neocallimastix_californiae,Fungi,Neocallimastigomycota
Neocallimastix_californiae_2,Fungi,Neocallimastigomycota
Neocallimastix_californiae_3,Fungi,Neocallimastigomycota
Neocallimastix_californiae_4,Fungi,Neocallimastigomycota
ASRE01006254.1_5__2,Fungi,Neocallimastigomycota
ASRE01014273.1_1__2,Fungi,Neocallimastigomycota
JAPUUR010007085.1_2__2,Fungi,Neocallimastigomycota
Piromyces_finnis,Fungi,Neocallimastigomycota
Piromyces_finnis_2,Fungi,Neocallimastigomycota
Piromyces_finnis_3,Fungi,Neocallimastigomycota
Piromyces_finnis_4,Fungi,Neocallimastigomycota
Piromyces_finnis_5,Fungi,Neocallimastigomycota
Piromyces_sp._E2,Fungi,Neocallimastigomycota
Piromyces_sp._E2_2,Fungi,Neocallimastigomycota
Piromyces_sp._E2_3,Fungi,Neocallimastigomycota
Piromyces_sp._E2_4,Fungi,Neocallimastigomycota
Piromyces_sp._E2_5,Fungi,Neocallimastigomycota
Piromyces_sp._E2_6,Fungi,Neocallimastigomycota
Piromyces_sp._E2_7,Fungi,Neocallimastigomycota
MBFU01000298.1_1_,Fungi,Zoopagomycota
QZWR01000980.1_3_,Fungi,Zoopagomycota
QZWR01001012.1_1_,Fungi,Zoopagomycota
QZWR01001198.1_1_,Fungi,Zoopagomycota
QZWR01001216.1_2_,Fungi,Zoopagomycota
QZWR01001426.1_1_,Fungi,Zoopagomycota
QZWR01001455.1_1_,Fungi,Zoopagomycota
QZWR01001455.1_2_,Fungi,Zoopagomycota
QZWR01001462.1_2_,Fungi,Zoopagomycota
QZWR01001485.1_2_,Fungi,Zoopagomycota
QZWR01001548.1_2_,Fungi,Zoopagomycota
Smittium_mucronatum,Fungi,Zoopagomycota
Smittium_mucronatum_2,Fungi,Zoopagomycota
Smittium_mucronatum_3,Fungi,Zoopagomycota
Smittium_mucronatum_4,Fungi,Zoopagomycota
Smittium_mucronatum_5,Fungi,Zoopagomycota
Smittium_culicis,Fungi,Zoopagomycota
Smittium_culicis_2,Fungi,Zoopagomycota
Smittium_culicis_3,Fungi,Zoopagomycota
Smittium_culicis_4,Fungi,Zoopagomycota
Smittium_culicis_5,Fungi,Zoopagomycota
Smittium_culicis_6,Fungi,Zoopagomycota
Smittium_culicis_7,Fungi,Zoopagomycota
MBFU01000298.1_1__2,Fungi,Zoopagomycota
Smittium_megazygosporum,Fungi,Zoopagomycota
Smittium_megazygosporum_2,Fungi,Zoopagomycota
Smittium_megazygosporum_3,Fungi,Zoopagomycota
Smittium_megazygosporum_4,Fungi,Zoopagomycota
Smittium_megazygosporum_5,Fungi,Zoopagomycota
Smittium_megazygosporum_6,Fungi,Zoopagomycota
Smittium_megazygosporum_7,Fungi,Zoopagomycota
Smittium_megazygosporum_8,Fungi,Zoopagomycota
Smittium_megazygosporum_9,Fungi,Zoopagomycota
Thamnocephalis_sphaerospora,Fungi,Zoopagomycota
QZWR01000980.1_3__2,Fungi,Zoopagomycota
QZWR01001012.1_1__2,Fungi,Zoopagomycota
QZWR01001198.1_1__2,Fungi,Zoopagomycota
QZWR01001216.1_2__2,Fungi,Zoopagomycota
QZWR01001426.1_1__2,Fungi,Zoopagomycota
QZWR01001455.1_1__2,Fungi,Zoopagomycota
QZWR01001455.1_2__2,Fungi,Zoopagomycota
QZWR01001462.1_2__2,Fungi,Zoopagomycota
QZWR01001485.1_2__2,Fungi,Zoopagomycota
QZWR01001548.1_2__2,Fungi,Zoopagomycota
Bacillariodnavirus_LDMD-2013,Bacilladnaviridae,Other
Amphibola_crenata_associated_bacilladnavirus_1,Bacilladnaviridae,Other
Amphibola_crenata_associated_bacilladnavirus_2,Bacilladnaviridae,Other
Chaetoceros_tenuissimus_DNA_virus_type-II,Bacilladnaviridae,Other
Chaetoceros_tenuissimus_DNA_virus,Bacilladnaviridae,Other
Chaetoceros_virus_YT-2008,Bacilladnaviridae,Other
Chaetoceros_sp._DNA_virus_7,Bacilladnaviridae,Other
Chaetoceros_salsugineum_DNA_virus,Bacilladnaviridae,Other
Chaetoceros_lorenzianus_DNA_virus,Bacilladnaviridae,Other
Avon-Heathcote_estuary_associated_bacilladnavirus,Bacilladnaviridae,Other
Thalassionema_nitzschioides_DNA_virus,Bacilladnaviridae,Other
Bat_associated_circovirus_2,Circoviridae,Other
Porcine_circovirus_2,Circoviridae,Other
Bat_circovirus_isolate_BtRf-CV-61/YN2010,Circoviridae,Other
Bat_circovirus_isolate_BtRf-CV-62/YN2010,Circoviridae,Other
Bat_associated_circovirus_1,Circoviridae,Other
Mink_circovirus,Circoviridae,Other
Fox_circovirus,Circoviridae,Other
Bat_associated_circovirus_5,Circoviridae,Other
Bat_circovirus_isolate_BtPspp.-CV/GD2012,Circoviridae,Other
Bat_associated_circovirus_8,Circoviridae,Other
Bat_associated_circovirus_7,Circoviridae,Other
Tadarida_brasiliensis_circovirus_1,Circoviridae,Other
Human_stool-associated_circular_virus_NG13,Circoviridae,Other
Barbel_circovirus,Circoviridae,Other
Silurus_glanis_circovirus,Circoviridae,Other
Anguilla_anguilla_circovirus,Circoviridae,Other
Beak_and_feather_disease_virus,Circoviridae,Other
Circovirus_NGchicken38/NGA/2009,Circoviridae,Other
Raven_circovirus,Circoviridae,Other
Avian-like_circovirus_isolate_A1,Circoviridae,Other
Zebra_finch_circovirus,Circoviridae,Other
Canary_circovirus,Circoviridae,Other
Gull_circovirus,Circoviridae,Other
Bat_circovirus_ZS/Yunnan-China/2009,Circoviridae,Other
Swan_circovirus,Circoviridae,Other
Duck_circovirus,Circoviridae,Other
Cyclovirus_PK5006,Circoviridae,Other
Cyclovirus_PK5222,Circoviridae,Other
Cyclovirus_NGchicken8/NGA/2009,Circoviridae,Other
Dragonfly_associated_cyclovirus_7,Circoviridae,Other
Cyclovirus_Chimp11,Circoviridae,Other
Cyclovirus_NI-204,Circoviridae,Other
Dragonfly_associated_cyclovirus_6,Circoviridae,Other
Bat_circovirus_POA/2012/II,Circoviridae,Other
Dragonfly_associated_cyclovirus_8,Circoviridae,Other
Dragonfly_associated_cyclovirus_5,Circoviridae,Other
Bat_associated_cyclovirus_2,Circoviridae,Other
Cyclovirus_bat/USA/2009,Circoviridae,Other
Cyclovirus_NG12,Circoviridae,Other
Bat_associated_cyclovirus_8,Circoviridae,Other
Bat_associated_cyclovirus_3,Circoviridae,Other
Bat_cyclovirus_GF-4c,Circoviridae,Other
Cyclovirus_PK5034,Circoviridae,Other
Dragonfly_associated_cyclovirus_1,Circoviridae,Other
Cyclovirus_PK5510,Circoviridae,Other
Bat_associated_cyclovirus_13,Circoviridae,Other
Cyclovirus_NG14,Circoviridae,Other
Bat_associated_cyclovirus_4,Circoviridae,Other
Bat_associated_cyclovirus_6,Circoviridae,Other
Bat_associated_cyclovirus_11,Circoviridae,Other
Human_cyclovirus,Circoviridae,Other
Dragonfly_associated_cyclovirus_2,Circoviridae,Other
Cyclovirus_VN,Circoviridae,Other
Cyclovirus_TN25,Circoviridae,Other
Human_cyclovirus_VS5700009,Circoviridae,Other
Cyclovirus_PKbeef23/PAK/2009,Circoviridae,Other
Cyclovirus_Equ1,Circoviridae,Other
Lake_Sarah-associated_circular_virus-14,Circoviridae,Other
Sewage-associated_circular_DNA_virus-23,Circoviridae,Other
Pacific_flying_fox_associated_cyclovirus-1,Circoviridae,Other
Pacific_flying_fox_associated_cyclovirus-2,Circoviridae,Other
Bat_circovirus_isolate_BtRp-CV-14/GD2012,Circoviridae,Other
Pacific_flying_fox_faeces_associated_circular_DNA_virus-8_isolat_Tbat_H_103163,Circoviridae,Other
Bovine_faeces_associated_circular_DNA_molecule_1_isolat_5_Fec60361_cow,CRESS1,Other
Fur_seal_faeces_associated_circular_DNA_virus,CRESS1,Other
Human_circovirus_VS6600022,CRESS1,Other
Unidentified_circular_ssDNA_virus_isolate_cg1855,CRESS1,Other
Human_feces_pecovirus_strain_PeCV-NI,CRESS1,Other
Unidentified_circular_ssDNA_virus_isolate_cg5269,CRESS1,Other
Dromedary_stool-associated_circular_ssDNA_virus_isolat_DcSCV_c1054,CRESS1,Other
RDHV-like_virus_SF1,CRESS1,Other
Cruciviridae_sp._isolate_CRUV-34-B,CRESS1,Other
Cruciviridae_sp._isolate_CRUV-35-B,CRESS1,Other
Cruciviridae_sp._isolate_CRUV-36-B,CRESS1,Other
Dromedary_stool-associated_circular_ssDNA_virus,CRESS1,Other
Sewage-associated_circular_DNA_virus-29_isolat_SaCV-29_NZ-BS4325-2012,CRESS2,Other
Unidentified_circular_ssDNA_virus_isolate_2035,CRESS2,Other
Unidentified_circular_ssDNA_virus_isolate_cg_1467_Cap_and_Re_genes,CRESS2,Other
Dromedary_stool-associated_circular_ssDNA_virus_isolat_DcSCV_c1566,CRESS2,Other
Dromedary_stool-associated_circular_ssDNA_virus_isolat_DcSCV_c1422,CRESS2,Other
Uncultured_marine_virus_clone_SOG00781,CRESS2,Other
Uncultured_marine_virus_clone_SI03717,CRESS2,Other
Sewage-associated_circular_DNA_virus-20_isolat_SaCV-20_NZ-BS3900-2012,CRESS2,Other
Pacific_flying_fox_associated_multicomponent_virus_isolat_Tbat_K_12099_segment_DNA-R,CRESS2,Other
Rodent_stool-associated_circular_genome_virus,CRESS2,Other
Uncultured_marine_virus_clone_GOM03041,CRESS2,Other
Lake_Sarah-associated_circular_molecule_5_isolat_LSaCM-5-LSWO-2013,CRESS2,Other
Uncultured_marine_virus_clone_SOG05268,CRESS2,Other
Uncultured_marine_virus_clone_SI00197,CRESS2,Other
Lake_Sarah-associated_circular_virus-7,CRESS2,Other
Diporeia_sp._associated_circular_virus_isolate_LM348,CRESS2,Other
Circovirus-like_genome_DCCV-5,CRESS2,Other
Dragonfly_larvae_associated_circular_virus-3,CRESS2,Other
Pacific_flying_fox_faeces_associated_circular_DNA_virus-4_isolat_Tbat_29894,CRESS2,Other
Lake_Sarah-associated_circular_molecule_9_isolat_LSaCM-9-LSLA-2013,CRESS2,Other
Circovirus-like_genome_DCCV-13,CRESS2,Other
Lake_Sarah-associated_circular_molecule_2_isolat_LSaCM-2-LSMU-2013,CRESS2,Other
Lake_Sarah-associated_circular_molecule_6_isolat_LSaCM-6-LSGA-2013,CRESS2,Other
Lake_Sarah-associated_circular_virus-39,CRESS2,Other
McMurdo_Ice_Shelf_pond-associated_circular_DNA_virus-3_isolat_alg49-39,CRESS2,Other
Circovirus-like_genome_DHCV-6,CRESS2,Other
Lake_Sarah-associated_circular_virus-32,CRESS2,Other
Circovirus-like_genome_CB-A,CRESS2,Other
Dragonfly_larvae_associated_circular_virus-4_isolat_DflaCV-4_NZ-PG3-LG,CRESS2,Other
Lake_Sarah-associated_circular_virus-38,CRESS2,Other
Pacific_flying_fox_faeces_associated_circular_DNA_virus-6_isolat_Tbat_H_77994,CRESS2,Other
Odonata-associated_circular_virus-13_isolat_OdasCV-13-US-1591LM1-12,CRESS2,Other
Dragonfly_circularisvirus_isolate_TO-DF3E-2010,CRESS2,Other
Uncultured_marine_virus_clone_SI00078,CRESS3,Other
Bat_circovirus_isolate_BtPa-CV-3/NX2013,CRESS3,Other
Circoviridae_batCV-SC703,CRESS3,Other
Bat_circovirus_isolate_BtMf-CV-1/GD2012,CRESS3,Other
Bat_circovirus_isolate_BtMf-CV/HeN2013,CRESS3,Other
Circoviridae_TM-6c,CRESS3,Other
Mosquito_circovirus_strain_B51,CRESS3,Other
Lake_Sarah-associated_circular_virus-16,CRESS3,Other
Avon-Heathcote_Estuary_associated_circular_virus_9,CRESS3,Other
Avon-Heathcote_Estuary_associated_circular_virus_6,CRESS3,Other
Lake_Sarah-associated_circular_virus-10,CRESS3,Other
Uncultured_marine_virus_clone_SOG00160,CRESS3,Other
Uncultured_marine_virus_clone_SOG03994,CRESS3,Other
Uncultured_marine_virus_clone_SOG00164,CRESS3,Other
Uncultured_marine_virus_clone_SI03931,CRESS3,Other
Odonata-associated_circular_virus-20_isolat_OdasCV-20-US-718DFS-12,CRESS3,Other
Circovirus-like_genome_DHCV-3,CRESS3,Other
Dragonfly_cyclicusvirus_isolate_FL1-NZ37-2010,CRESS3,Other
Avon-Heathcote_Estuary_associated_circular_virus_4_isolat_AHEaCV-4-NZ-3049C3-2012,CRESS3,Other
Odonata-associated_circular_virus-19_isolat_OdasCV-19-US-1594LM1-12,CRESS3,Other
Dragonfly_larvae_associated_circular_virus-9_isolat_DflaCV-9_NZ-PG10-LD,CRESS3,Other
Lake_Sarah-associated_circular_molecule_1_isolat_LSaCM-1-LSCO-2013,CRESS3,Other
Palaemonetes_sp._commo_grass_shrimp_associated_circular_virus].,CRESS4,Other
Dragonfly_larvae_associate_circular_virus-10,CRESS4,Other
Littorina_sp._associated_circular_virus_isolate_I0041,CRESS4,Other
Cyanoramphus_nest_associated_circular_X_DNA_virus,CRESS4,Other
Pacific_flying_fox_faeces_associated_circular_DNA_virus-3,CRESS4,Other
Lake_Sarah-associated_circular_virus-11,CRESS4,Other
Uncultured_marine_virus_clone_GOM00443,CRESS5,Other
Aiptasia_sp._sea_anemone_associated_circular_virus,CRESS5,Other
Marine_snail_associated_circular_virus_isolate_I0084,CRESS5,Other
Hermit_crab_associated_circular_virus_isolate_I0085A5,CRESS5,Other
Avon-Heathcote_Estuary_associated_circular_virus_24_isolat_AHEaCV-24-NZ-2183TU-2913,CRESS5,Other
Gammarus_sp._amphipod_associated_circular_virus,CRESS5,Other
Palaemonetes_intermedius_brackish_grass_shrimp_associated_circular,CRESS5,Other
Mytilus_sp._clam_associated_circular_virus_isolate_I0169,CRESS5,Other
Bat_circovirus_isolate_BtRh-CV-7/Tibet2013,CRESS5,Other
Didemnum_sp._Sea_Squirt_associated_virus_isolate_I0026A7,CRESS5,Other
Farfantepenaeus_duorarum_pink_shrimp_associated_circular_virus_isolate_I0069,CRESS5,Other
Ctenophore-associated_circular_virus_2,CRESS5,Other
Lake_Sarah-associated_circular_virus-28,CRESS5,Other
McMurdo_Ice_Shelf_pond-associated_circular_DNA_virus-5_isolat_alg49-117,CRESS5,Other
McMurdo_Ice_Shelf_pond-associated_circular_DNA_virus-1_isolat_alg49-15,CRESS5,Other
Pacific_flying_fox_faeces_associated_circular_DNA_virus-2_isolat_Tbat_A_103763,CRESS6,Other
Odonata-associated_circular_virus-15_isolat_OdasCV-15-US-1640LM1-12,CRESS6,Other
Avon-Heathcote_Estuary_associated_circular_virus_25_isolat_AHEaCV-25-NZ-3789GA-2012,CRESS6,Other
Circovirus-like_genome_DCCV-2,CRESS6,Other
Odonata-associated_circular_virus-7,CRESS6,Other
Lake_Sarah-associated_circular_virus-45,CRESS6,Other
Bromus-associated_circular_DNA_virus_1_isolat_BasCV-1_NZ-NZG01_Sef-2012,CRESS6,Other
Bromus-associated_circular_DNA_virus_4,CRESS6,Other
Rhynchosia_golden_mosaic_Havana_virus-[Cuba:Havana:28:2007],Geminiviridae,Other
Macroptilium_mosaic_Puerto_Rico_virus-[Bean],Geminiviridae,Other
Cowpea_golden_mosaic_virus-[Nigeria],Geminiviridae,Other
Soybean_chlorotic_blotch_virus,Geminiviridae,Other
Corchorus_golden_mosaic_virus,Geminiviridae,Other
Corchorus_yellow_vein_virus_-_[Hoa_Binh],Geminiviridae,Other
Merremia_leaf_curl_virus,Geminiviridae,Other
Sweet_potato_mosaic_virus_-_[Brazil:Brasilia1:2007],Geminiviridae,Other
Tomato_leaf_curl_Seychelles_virus,Geminiviridae,Other
Jatropha_leaf_curl_virus,Geminiviridae,Other
Tomato_leaf_curl_Palampur_virus-[Roodan:tomato],Geminiviridae,Other
Chilli_leaf_curl_Bijnour_virus-India,Geminiviridae,Other
Croton_yellow_vein_mosaic_virus,Geminiviridae,Other
Lycianthes_yellow_mosaic_virus,Geminiviridae,Other
Pedilanthus_leaf_curl_virus-[Crape_Jasmine],Geminiviridae,Other
Jatropha_mosaic_Nigeria_virus,Geminiviridae,Other
Malvastrum_leaf_curl_Guangdong_virus,Geminiviridae,Other
Papaya_leaf_curl_virus,Geminiviridae,Other
Okra_yellow_crinkle_virus,Geminiviridae,Other
Lindernia_anagallis_yellow_vein_virus,Geminiviridae,Other
Tomato_yellow_leaf_curl_Sardinia_virus,Geminiviridae,Other
Tomato_leaf_curl_Mali_virus,Geminiviridae,Other
Pepper_yellow_leaf_curl_Indonesia_virus-[Ageratum],Geminiviridae,Other
Tobacco_curly_shoot_virus_-_[Y1],Geminiviridae,Other
Tomato_leaf_curl_Vietnam_virus,Geminiviridae,Other
Pepper_leaf_curl_virus,Geminiviridae,Other
Okra_leaf_curl_virus-[India:Mau:2012],Geminiviridae,Other
Cotton_leaf_curl_Rajasthan_virus,Geminiviridae,Other
Mesta_yellow_vein_mosaic_virus_[India:Amadalavalasa:2008],Geminiviridae,Other
Cotton_leaf_curl_Burewala_virus,Geminiviridae,Other
Clerodendrum_golden_mosaic_China_virus,Geminiviridae,Other
Hollyhock_yellow_vein_mosaic_virus,Geminiviridae,Other
African_cassava_mosaic_virus,Geminiviridae,Other
African_cassava_mosaic_virus,Geminiviridae,Other
Watermelon_chlorotic_stunt_virus,Geminiviridae,Other
Alternanthera_yellow_vein_virus,Geminiviridae,Other
Tomato_leaf_curl_New_Delhi_virus_4,Geminiviridae,Other
Tomato_yellow_leaf_curl_virus,Geminiviridae,Other
Soybean_mild_mottle_virus,Geminiviridae,Other
Kudzu_mosaic_virus,Geminiviridae,Other
Rhynchosia_yellow_mosaic_virus,Geminiviridae,Other
Apple_geminivirus_PL-2015,Geminiviridae,Other
Tomato_leaf_curl_Anjouan_virus,Geminiviridae,Other
Asystasia_mosaic_Madagascar_virus,Geminiviridae,Other
West_African_Asystasia_virus_1,Geminiviridae,Other
Spilanthes_yellow_vein_virus,Geminiviridae,Other
Deinbollia_mosaic_virus,Geminiviridae,Other
Macroptilium_yellow_mosaic_Florida_virus,Geminiviridae,Other
Sida_golden_yellow_vein_virus,Geminiviridae,Other
Tomato_leaf_distortion_virus,Geminiviridae,Other
Sida_micrantha_mosaic_virus,Geminiviridae,Other
Sida_Brazil_virus,Geminiviridae,Other
Bean_golden_mosaic_virus-[Brazil:SAdG_7:soybean:2008],Geminiviridae,Other
Pavonia_mosaic_virus,Geminiviridae,Other
Macroptilium_yellow_spot_virus,Geminiviridae,Other
Passionfruit_severe_leaf_distortion_virus,Geminiviridae,Other
Soybean_chlorotic_spot_virus,Geminiviridae,Other
Tomato_yellow_vein_streak_virus,Geminiviridae,Other
Cleome_leaf_crumple_virus,Geminiviridae,Other
Tomato_yellow_mottle_virus,Geminiviridae,Other
Tomato_golden_mottle_virus,Geminiviridae,Other
Jacquemontia_yellow_mosaic_virus,Geminiviridae,Other
Beet_curly_top_virus,Geminiviridae,Other
Hemidesmus_yellow_mosaic_virus,Geminiviridae,Other
Dolichos_yellow_mosaic_virus,Geminiviridae,Other
Beet_curly_top_virus,Geminiviridae,Other
Turnip_curly_top_virus,Geminiviridae,Other
Turnip_curly_top_virus_isolate_IR:Hom:H9:Tur:12,Geminiviridae,Other
Turnip_leaf_roll_virus,Geminiviridae,Other
Turnip_leaf_roll_virus,Geminiviridae,Other
Mungbean_yellow_mosaic_India_virus,Geminiviridae,Other
Tomato_yellow_leaf_curl_virus_-_KISR,Geminiviridae,Other
Cotton_chlorotic_spot_virus,Geminiviridae,Other
Cotton_leaf_crumple_virus_-_[TX],Geminiviridae,Other
Melon_chlorotic_mosaic_virus,Geminiviridae,Other
Horseradish_curly_top_virus,Geminiviridae,Other
Spinach_severe_curly_top_virus,Geminiviridae,Other
Jacquemontia_mosaic_Yucatan_virus,Geminiviridae,Other
Pepper_golden_mosaic_virus,Geminiviridae,Other
Eragrostis_curvula_streak_virus,Geminiviridae,Other
Bean_golden_mosaic_virus-[Brazil:SAdG_7:soybean:2008],Geminiviridae,Other
Dragonfly-associated_mastrevirus,Geminiviridae,Other
Sporobolus_striate_mosaic_virus_2,Geminiviridae,Other
Switchgrass_mosaic-associated_virus,Geminiviridae,Other
Sporobolus_striate_mosaic_virus_1,Geminiviridae,Other
Maize_streak_virus_-_A[MatB],Geminiviridae,Other
Maize_streak_virus_-_A[Kom],Geminiviridae,Other
Sugarcane_streak_Reunion_virus,Geminiviridae,Other
Sugarcane_streak_virus_-_[Natal],Geminiviridae,Other
Urochloa_streak_virus,Geminiviridae,Other
Saccharum_streak_virus,Geminiviridae,Other
Panicum_streak_virus_-_[Kenya],Geminiviridae,Other
Maize_streak_Reunion_virus,Geminiviridae,Other
Wheat_dwarf_India_virus,Geminiviridae,Other
Sugarcane_white_streak_virus,Geminiviridae,Other
Digitaria_didactyla_striate_mosaic_virus,Geminiviridae,Other
Chloris_striate_mosaic_virus,Geminiviridae,Other
Paspalum_striate_mosaic_virus,Geminiviridae,Other
Bromus_catharticus_striate_mosaic_virus,Geminiviridae,Other
Paspalum_dilatatum_striate_mosaic_virus,Geminiviridae,Other
Digitaria_ciliaris_striate_mosaic_virus,Geminiviridae,Other
Axonopus_compressus_streak_virus,Geminiviridae,Other
Chickpea_chlorotic_dwarf_virus,Geminiviridae,Other
Grapevine_red_blotch_virus,Geminiviridae,Other
Alfalfa_leaf_curl_virus_isolate_VAU14_LUZ142,Geminiviridae,Other
French_bean_severe_leaf_curl_virus_isolate_FbSLSV-1,Geminiviridae,Other
Sewage-associated_gemycircularvirus-4_isolate_BS3913,Genomoviridae,Other
Sewage-associated_gemycircularvirus_6,Genomoviridae,Other
Sclerotinia_sclerotiorum_hypovirulence_associated_DNA_virus_1,Genomoviridae,Other
Faeces_associated_gemycircularvirus_22,Genomoviridae,Other
Cassava_associated_gemycircularvirus_1,Genomoviridae,Other
Sewage-associated_gemycircularvirus-7a,Genomoviridae,Other
Sewage-associated_gemycircularvirus_9,Genomoviridae,Other
Sewage_derived_gemycircularvirus_1_isolate_BS3917,Genomoviridae,Other
Sewage-associated_gemycircularvirus-7b,Genomoviridae,Other
Faeces_associated_gemycircularvirus_21,Genomoviridae,Other
Faeces_associated_gemycircularvirus_20,Genomoviridae,Other
Pacific_flying_fox_faeces_associated_gemycircularvirus-2,Genomoviridae,Other
Hypericum_japonicum_associated_circular_DNA_virus,Genomoviridae,Other
Pacific_flying_fox_faeces_associated_gemycircularvirus-13,Genomoviridae,Other
Pacific_flying_fox_faeces_associated_gemycircularvirus-14,Genomoviridae,Other
Faeces_associated_gemycircularvirus_19,Genomoviridae,Other
Faeces_associated_gemycircularvirus_18,Genomoviridae,Other
Poaceae-associated_gemycircularvirus_1_isolat_PaGmV-1_TO_STO14-29204_2014,Genomoviridae,Other
Pacific_flying_fox_faeces_associated_gemycircularvirus-4,Genomoviridae,Other
Faeces_associated_gemycircularvirus_3,Genomoviridae,Other
Faeces_associated_gemycircularvirus_4,Genomoviridae,Other
Soybean_leaf-associated_gemycircularvirus_1,Genomoviridae,Other
Soybean_leaf-associated_gemycircularvirus_1,Genomoviridae,Other
Faeces_associated_gemycircularvirus_6,Genomoviridae,Other
Faeces_associated_gemycircularvirus_16,Genomoviridae,Other
Pacific_flying_fox_faeces_associated_gemycircularvirus-10,Genomoviridae,Other
Faeces_associated_gemycircularvirus_7,Genomoviridae,Other
Gemycircularvirus_gemy-ch-rat1,Genomoviridae,Other
Odonata_associated_gemycircularvirus-2,Genomoviridae,Other
Pacific_flying_fox_faeces_associated_gemycircularvirus-8,Genomoviridae,Other
Faeces_associated_gemycircularvirus_5,Genomoviridae,Other
Faba_bean_necrotic_stunt_virus,NanoviridaeAlphasatellitidae,Other
Faba_bean_yellow_leaf_virus_isolate_Eth-231,NanoviridaeAlphasatellitidae,Other
Banana_bunchy_top_virus_isolate_548_BI_1995,NanoviridaeAlphasatellitidae,Other
Banana_bunchy_top_virus_isolate_TOS28_segment_R,NanoviridaeAlphasatellitidae,Other
Banana_bunchy_top_virus,NanoviridaeAlphasatellitidae,Other
Banana_bunchy_top_virus_2,NanoviridaeAlphasatellitidae,Other
Cardamom_bushy_dwarf_virus,NanoviridaeAlphasatellitidae,Other
Banana_bunchy_top_virus_3,NanoviridaeAlphasatellitidae,Other
Faba_bean_necrotic_yellows_C1_alphasatellite,NanoviridaeAlphasatellitidae,Other
Faba_bean_necrotic_stunt_alphasatellite_1,NanoviridaeAlphasatellitidae,Other
Milk_vetch_dwarf_C2_alphasatellite,NanoviridaeAlphasatellitidae,Other
Milk_vetch_dwarf_C1_alphasatellite,NanoviridaeAlphasatellitidae,Other
Subterranean_clover_stunt_C6_alphasatellite,NanoviridaeAlphasatellitidae,Other
Pea_necrotic_yellow_dwarf_alphasatellite_3_isolat_Gross-Enzersdorf_1,NanoviridaeAlphasatellitidae,Other
Radish_leaf_curl_alphasatellite_clone_VIRO_386,NanoviridaeAlphasatellitidae,Other
Dragonfly-associated_alphasatellite_isolate_PR_NZ48_2009,NanoviridaeAlphasatellitidae,Other
Cuban_alphasatellite_1,NanoviridaeAlphasatellitidae,Other
Melon_chlorotic_mosaic_virus-associated_alphasatellite_isolat_2009-02-04-06,NanoviridaeAlphasatellitidae,Other
Cucurbit_yellow_mosaic_alphasatellite,NanoviridaeAlphasatellitidae,Other
Alphasatellite_1,NanoviridaeAlphasatellitidae,Other
Dromedary_stool-associated_circular_ssDNA_virus,Smacoviridae,Other
Sheep_faeces_associated_smacovirus_2,Smacoviridae,Other
Bovine_faeces_associated_smacovirus_2,Smacoviridae,Other
Dromedary_stool-associated_circular_ssDNA_virus_isolat_DcSCV_c1358,Smacoviridae,Other
Dromedary_stool-associated_circular_ssDNA_virus_isolat_DcSCV_c1345,Smacoviridae,Other
Porcine_stool-associated_circular_virus_9,Smacoviridae,Other
Porcine_stool-associated_circular_virus_8,Smacoviridae,Other
PoSCV_Kor_J481,Smacoviridae,Other
Porcine_stool-associated_circular_virus_1_isolate_DP2,Smacoviridae,Other
Porcine_stool-associated_circular_virus_1,Smacoviridae,Other
Turkey_stool_associated_circular_ssDNA_virus,Smacoviridae,Other
Human_feces_smacovirus_3,Smacoviridae,Other
Human_feces-associated_smacovirus_isolate_BWA7684,Smacoviridae,Other
Human_feces-associated_smacovirus_isolate_BWA1115,Smacoviridae,Other
Black_howler_monkey_smacovirus_isolate_SF1,Smacoviridae,Other
Chicken_associated_smacovirus_strain_RS/BR/2015/1,Smacoviridae,Other
Porcine_stool-associated_circular_virus_2,Smacoviridae,Other
Porcine_stool-associated_circular_virus_3,Smacoviridae,Other
Rat_stool-associated_circular_ssDNA_virus,Smacoviridae,Other
Porcine_stool-associated_circular_virus_6,Smacoviridae,Other
Human_feces_smacovirus_2,Smacoviridae,Other
Chimpanzee_stool_associated_circula_ssDNA_virus,Smacoviridae,Other
Chimpanzee_stool_associated_circular_ssDNA_virus,Smacoviridae,Other
Unidentified_circular_ssDNA_virus_isolate_1705_10199,Smacoviridae,Other
Lemur_smacovirus,Smacoviridae,Other
Porcine_faeces_associated_smacovirus_1,Smacoviridae,Other
Porcine_stool-associated_circular_virus_7,Smacoviridae,Other
Porcine_stool-associated_circular_virus_7_isolate_EP2-B,Smacoviridae,Other
Gorilla_smacovirus,Smacoviridae,Other
Unidentified_circular_ssDNA_virus_isolate_cg4629,Smacoviridae,Other
Unidentified_circular_ssDNA_virus_isolate_cg5878,Smacoviridae,Other
Unidentified_circular_ssDNA_virus_isolate_Masavirus,Smacoviridae,Other
Dromedary_stool-associated_circular_ssDNA_virus,Smacoviridae,Other
Unidentified_circular_ssDNA_virus_isolate_cg6965,Smacoviridae,Other
Unidentified_circular_ssDNA_virus_isolate_cg6502,Smacoviridae,Other
Sheep_faeces_associated_smacovirus_3,Smacoviridae,Other
Sheep_faeces_associated_smacovirus_1,Smacoviridae,Other
Bovine_faeces_associated_smacovirus_3,Smacoviridae,Other
Circoviridae_bovine_stool/BK/KOR/2011,Smacoviridae,Other
Odonata-associated_circular_virus-21_isolat_OdasCV-21-US-1679SC3-12,Smacoviridae,Other
Bovine_faeces_associated_smacovirus_1,Smacoviridae,Other
Human_smacovirus_1_isolate_France/1/2009/3663,Smacoviridae,Other
Human_smacovirus_1_isolate_France/1/2009/3664,Smacoviridae,Other
Human_smacovirus_1_isolate_France/3/2008/2623,Smacoviridae,Other
Human_smacovirus_1_isolate_France/1/2008/2610,Smacoviridae,Other
Human_smacovirus_1_isolate_France/12/2008/3454,Smacoviridae,Other
Human_smacovirus_1_isolate_France/2/2008/2548,Smacoviridae,Other
Chicken_associated_smacovirus_strain_RS/BR/2015/2,Smacoviridae,Other
Bovine_faeces_associated_smacovirus_6,Smacoviridae,Other
Odonata-associated_circula_virus-5,Smacoviridae,Other
Porcine_serum-associated_circular_virus_isolate_BR2,Smacoviridae,Other
Sewage-associated_circular_DNA_virus-9_isolat_SaCV-9_NZ-BS3681-2012,Smacoviridae,Other
Dromedary_stool-associated_circula_ssDNA_virus,Smacoviridae,Other
Bovine_faeces_associated_smacovirus_5_isolate_48_Fec9_cow,Smacoviridae,Other
Dromedary_stool-associated_circula_ssDNA_virus,Smacoviridae,Other
Bovine_faeces_associated_smacovirus_4,Smacoviridae,Other
Feline_stool-associated_circular_virus_KU14,Vilyaviridae,Other
Fly_associated_circular_virus_7,Vilyaviridae,Other
Fly_associated_circular_virus_6,Vilyaviridae,Other
Feline_stool-associated_circular_virus_KU14_2,Vilyaviridae,Other
Northern_red-backed_vole_stool-associated_circular_virus_11,Vilyaviridae,Other
Northern_red-backed_vole_stool-associated_circular_virus_16,Vilyaviridae,Other
Northern_red-backed_vole_stool-associated_circular_virus_116,Vilyaviridae,Other
Northern_red-backed_vole_stool-associated_circular_virus_117,Vilyaviridae,Other
Giardia-associated_CRESS_DNA_virus_1,Vilyaviridae,Other
Giardia-associated_CRESS_DNA_virus_2,Vilyaviridae,Other
Giardia-associated_CRESS_DNA_virus_2_2,Vilyaviridae,Other
Giardia-associated_CRESS_DNA_virus_4,Vilyaviridae,Other
Valinorvirus_arda,Nenyaviridae,Other
Valinorvirus_eriador,Nenyaviridae,Other
Valinorvirus_arda_2,Nenyaviridae,Other
Valinorvirus_eriador_2,Nenyaviridae,Other
Odonata-associated_circular_virus-14,Nenyaviridae,Other
Entamoeba-associated_CRESS_DNA_virus_3,Nenyaviridae,Other
Entamoeba-associated_CRESS_DNA_virus_4,Nenyaviridae,Other
Chicken_virus_mg5_2876,Naryaviridae,Other
Marmot_associated_feces_virus_4,Naryaviridae,Other
Entamoeba-associated_CRESS_DNA_virus_1,Naryaviridae,Other
Entamoeba-associated_CRESS_DNA_virus_1,Naryaviridae,Other
Entamoeba-associated_CRESS_DNA_virus_2,Naryaviridae,Other
Redondoviridae_sp.,Redondoviridae,Other
Apis_mellifera_virus_1,Redondoviridae,Other
Human_lung-associated_vientovirus_FB,Redondoviridae,Other
Human_lung-associated_brisavirus_AA,Redondoviridae,Other
Human_lung-associated_brisavirus_II,Redondoviridae,Other
Human_lung-associated_brisavirus_MD,Redondoviridae,Other
Human_lung-associated_brisavirus_RC,Redondoviridae,Other
Human_oral-associated_brisavirus_YH,Redondoviridae,Other
Human_gut-associated_brisavirus_VW,Redondoviridae,Other
Human_lung-associated_vientovirus_AL,Redondoviridae,Other
Human_lung-associated_vientovirus_DC,Redondoviridae,Other
Human_lung-associated_vientovirus_ES,Redondoviridae,Other
Human_lung-associated_vientovirus_JB,Redondoviridae,Other
Human_lung-associated_vientovirus_JY,Redondoviridae,Other
Human_lung-associated_vientovirus_LT,Redondoviridae,Other
Human_oral-associated_vientovirus_AV,Redondoviridae,Other
Human_oral-associated_vientovirus_EC,Redondoviridae,Other
Human_oral-associated_vientovirus_LZ,Redondoviridae,Other
Human_oral-associated_vientovirus_MC,Redondoviridae,Other
Human_oral-associated_vientovirus_XM,Redondoviridae,Other
Human_gut-associated_vientovirus_MW,Redondoviridae,Other
Apis_mellifera_virus-1,Redondoviridae,Other
Odonata-associated_circular_virus-8,CRESS-Rec2,Other
Sewage-associated_circular_DNA_virus-30_isolat_SaCV-30_NZ-BS4120-2012,CRESS-Rec2,Other
Duck_faeces_associated_circular_DNA_virus_1,CRESS-Rec2,Other
Pacific_flying_fox_faeces_associated_circular_DNA_virus-14_isolat_Tbat_5606,CRESS-Rec2,Other
Pacific_flying_fox_faeces_associated_circular_DNA_virus-15_isolat_Tbat_3598,CRESS-Rec2,Other
Sewage-associated_circular_DNA_virus-18_isolat_SaCV-18_NZ-BS3994-2012,CRESS-Rec2,Other
Lake_Sarah-associated_circular_virus-8,CRESS-Rec2,Other
Sewage-associated_circular_DNA_virus-28_isolat_SaCV-28_NZ-BS4064a-2012,CRESS-Rec2,Other
Odonata-associated_circular_virus-2,CRESS-Rec2,Other
Sewage-associated_circular_DNA_virus-26_isolat_SaCV-26_NZ-BS4339-2012,CRESS-Rec2,Other
Rodent_stool-associated_circular_genome_virus,CRESS-Rec1,Other
Palaemonetes_kadiakensis_Mississippi_grass_shrimp_associate_circular_virus_isolate_I0099,CRESS-Rec1,Other
Dragonfly_larvae_associated_circular_virus-1_isolat_DflaCV-1_NZ-PG11-LD,CRESS-Rec1,Other
Lake_Sarah-associated_circular_virus-41,CRESS-Rec1,Other
Bat_circovirus_isolate_BtRh-CV-5/Tibet2013,CRESS-Rec1,Other
Dragonfly_larvae_associated_circular_virus-2_isolat_DflaCV-2_NZ-PG8-LS,CRESS-Rec1,Other
Sewage-associated_circular_DNA_virus-6_isolat_SaCV-6_NZ-BS4017-2012,CRESS-Rec1,Other
Sewage-associated_circular_DNA_virus-27_isolat_SaCV-27_NZ-BS4103-2012,CRESS-Rec1,Other
Sewage-associated_circular_DNA_virus-7_isolat_SaCV-7_NZ-BS3976-2012,CRESS-Rec1,Other
Circoviridae_18_LDMD-2013,CRESS-Rec1,Other
Circovirus-like_genome_RW-E,CRESS-Rec1,Other
Sewage-associated_circular_DNA_virus-32_isolat_SaCV-32_NZ-BS4194-2012,CRESS-Rec1,Other
Lake_Sarah-associated_circular_virus-1,CRESS-Rec1,Other
Circovirus-like_genome_DHCV-2,CRESS-Rec1,Other
Uncultured_marine_virus_clone_SI00898,CRESS-Rec1,Other
Sewage-associated_circular_DNA_virus-19_isolat_SaCV-19_NZ-BS4128-2012,CRESS-Rec1,Other
Avon-Heathcote_Estuary_associated_circular_virus_3_isolat_AHEaCV-3-NZ-3030C2-2012,CRESS-Rec1,Other
Sewage-associated_circular_DNA_virus-16_isolat_SaCV-16_NZ-BS3759-2012,CRESS-Rec1,Other
Lake_Sarah-associated_circular_virus-44,CRESS-Rec1,Other
Bat_circovirus_ZS/China/2011_isolate_YN-BtCV-1,CRESS-Rec1,Other
Sewage-associated_circular_DNA_virus-8_isolat_SaCV-8_NZ-BS4075-2012,CRESS-Rec1,Other
Lake_Sarah-associated_circular_molecule_8_isolat_LSaCM-8-LSWO-2013,CRESS-Rec1,Other
Circovirus-like_genome_DCCV-13,CRESS-Rec1,Other
Odonata-associated_circular_virus-12_isolat_OdasCV-12-US-1518LM1-12,CRESS-Rec1,Other
Circovirus-like_genome_DCCV-8,CRESS-Rec1,Other
Sewage-associated_circular_DNA_virus-24_isolat_SaCV-24_NZ-BS4091-2012,CRESS-Rec1,Other
Lake_Sarah-associated_circular_virus-49,CRESS-Rec1,Other
Avon-Heathcote_Estuary_associated_circular_virus_26_isolat_AHEaCV-26-NZ-2311TU-2012,CRESS-Rec1,Other
Circovirus-like_genome_CB-B,CRESS-Rec1,Other